Road length (kilometres) by road type and local authority in Great Britain, 2023;;;;;;;;;;;;;;;;;;;;;;;;;;;;;;;;;;;;;;;;;;;;;;;;;;;;;;;;;;;;;;;;;;;;;;;;
Table RDL0202a;;;;;;;;;;;;;;;;;;;;;;;;;;;;;;;;;;;;;;;;;;;;;;;;;;;;;;;;;;;;;;;;;;;;;;;;
Department for Transport statistics;;;;;;;;;;;;;;;;;;;;;;;;;;;;;;;;;;;;;;;;;;;;;;;;;;;;;;;;;;;;;;;;;;;;;;;;
Road lengths statistics;;;;;;;;;;;;;;;;;;;;;;;;;;;;;;;;;;;;;;;;;;;;;;;;;;;;;;;;;;;;;;;;;;;;;;;;
Notes are used throughout this table, please see the notes tab to find the related notes text;;;;;;;;;;;;;;;;;;;;;;;;;;;;;;;;;;;;;;;;;;;;;;;;;;;;;;;;;;;;;;;;;;;;;;;;
Shorthand is used in this table. [-] denotes that there are no notes related to this row;;;;;;;;;;;;;;;;;;;;;;;;;;;;;;;;;;;;;;;;;;;;;;;;;;;;;;;;;;;;;;;;;;;;;;;;
Values in this table may not sum due to rounding;;;;;;;;;;;;;;;;;;;;;;;;;;;;;;;;;;;;;;;;;;;;;;;;;;;;;;;;;;;;;;;;;;;;;;;;
"ONS Area 
Code";Region;Local Authority;Trunk motorways;Principal motorways;All motorways;Trunk rural 'A' roads;Trunk urban 'A' roads;Principal rural 'A' roads;Principal urban 'A' roads;All 'A' roads;Major trunk roads;Major principal roads;All major roads;Rural 'B' roads;Urban 'B' roads;Rural 'C and U' roads;Urban 'C and U' roads;All minor roads;Total road length ;Notes;;;;;;;;;;;;;;;;;;;;;;;;;;;;;;;;;;;;;;;;;;;;;;;;;;;;
E06000047;North East;County Durham UA;36,8;0,0;36,8;42,7;1,0;324,2;44,3;412,2;80,5;368,5;449,0;359,4;42,5;2.002,1;997,5;3.401,5;3.850,5;[Note 1] [Note 5];;;;;;;;;;;;;;;;;;;;;;;;;;;;;;;;;;;;;;;;;;;;;;;;;;;;
E06000005;North East;Darlington UA;9,5;0,0;9,5;12,4;0,4;36,2;15,9;64,9;22,3;52,1;74,4;19,9;9,2;184,7;271,4;485,1;559,5;[Note 1] [Note 5];;;;;;;;;;;;;;;;;;;;;;;;;;;;;;;;;;;;;;;;;;;;;;;;;;;;
E08000037;North East;Gateshead;5,3;0,0;5,3;8,6;6,4;32,3;29,8;77,1;20,3;62,1;82,4;15,0;30,7;174,0;610,9;830,5;912,9;[Note 1] [Note 5];;;;;;;;;;;;;;;;;;;;;;;;;;;;;;;;;;;;;;;;;;;;;;;;;;;;
E06000001;North East;Hartlepool UA;0,0;0,0;0,0;8,4;0,0;22,6;17,2;48,2;8,4;39,8;48,2;2,1;7,1;68,4;286,2;363,7;411,9;[Note 1] [Note 5];;;;;;;;;;;;;;;;;;;;;;;;;;;;;;;;;;;;;;;;;;;;;;;;;;;;
E06000002;North East;Middlesbrough UA;0,0;0,0;0,0;9,2;5,3;7,6;26,3;48,4;14,5;33,9;48,4;13,7;17,4;45,6;441,2;517,9;566,3;[Note 1] [Note 5];;;;;;;;;;;;;;;;;;;;;;;;;;;;;;;;;;;;;;;;;;;;;;;;;;;;
E08000021;North East;Newcastle upon Tyne;0,0;2,8;2,8;14,9;6,9;6,3;62,0;90,1;21,8;71,1;92,9;11,5;34,3;117,7;750,4;913,9;1.006,8;[Note 1] [Note 5];;;;;;;;;;;;;;;;;;;;;;;;;;;;;;;;;;;;;;;;;;;;;;;;;;;;
E08000022;North East;North Tyneside;0,0;0,0;0,0;10,6;1,0;30,1;52,9;94,6;11,6;83,0;94,6;17,1;18,6;82,1;604,3;722,1;816,7;[Note 1] [Note 3] [Note 5];;;;;;;;;;;;;;;;;;;;;;;;;;;;;;;;;;;;;;;;;;;;;;;;;;;;
E06000057;North East;Northumberland UA ;0,0;0,0;0,0;163,7;0,8;410,3;33,7;608,5;164,5;444,0;608,5;618,7;30,7;3.159,3;578,2;4.386,9;4.995,4;[Note 1] [Note 5];;;;;;;;;;;;;;;;;;;;;;;;;;;;;;;;;;;;;;;;;;;;;;;;;;;;
E06000003;North East;Redcar and Cleveland UA;0,0;0,0;0,0;5,1;2,6;75,9;11,9;95,5;7,7;87,8;95,5;14,9;6,6;254,3;290,2;566,0;661,5;[Note 1] [Note 3] [Note 5];;;;;;;;;;;;;;;;;;;;;;;;;;;;;;;;;;;;;;;;;;;;;;;;;;;;
E08000023;North East;South Tyneside;0,1;0,0;0,1;9,7;1,4;16,7;31,8;59,6;11,2;48,5;59,7;5,6;27,1;38,2;442,1;512,9;572,6;[Note 1] [Note 5];;;;;;;;;;;;;;;;;;;;;;;;;;;;;;;;;;;;;;;;;;;;;;;;;;;;
E06000004;North East;Stockton-on-Tees UA;0,0;0,0;0,0;26,3;3,5;41,0;33,3;104,1;29,8;74,3;104,1;6,2;7,4;181,1;563,4;758,1;862,2;[Note 1] [Note 5];;;;;;;;;;;;;;;;;;;;;;;;;;;;;;;;;;;;;;;;;;;;;;;;;;;;
E08000024;North East;Sunderland;3,9;0,0;3,9;12,4;0,5;37,0;57,9;107,8;16,8;94,9;111,7;15,4;33,2;123,0;904,0;1.075,7;1.187,4;[Note 1] [Note 5];;;;;;;;;;;;;;;;;;;;;;;;;;;;;;;;;;;;;;;;;;;;;;;;;;;;
E06000008;North West;Blackburn with Darwen UA;8,0;0,0;8,0;0,0;0,0;16,8;39,0;55,8;8,0;55,8;63,8;7,0;11,8;89,5;358,5;466,7;530,5;[Note 1] [Note 5];;;;;;;;;;;;;;;;;;;;;;;;;;;;;;;;;;;;;;;;;;;;;;;;;;;;
E06000009;North West;Blackpool UA;0,4;0,0;0,4;0,0;0,0;2,8;39,0;41,8;0,4;41,8;42,2;0,0;20,8;7,0;377,0;404,8;447,0;[Note 1] [Note 5];;;;;;;;;;;;;;;;;;;;;;;;;;;;;;;;;;;;;;;;;;;;;;;;;;;;
E08000001;North West;Bolton;17,2;0,0;17,2;0,0;0,0;26,2;78,1;104,3;17,2;104,3;121,5;10,3;37,8;66,8;765,9;880,8;1.002,3;[Note 1] [Note 5];;;;;;;;;;;;;;;;;;;;;;;;;;;;;;;;;;;;;;;;;;;;;;;;;;;;
E08000002;North West;Bury;21,1;0,0;21,1;0,0;0,0;11,0;44,5;55,5;21,1;55,5;76,6;6,9;25,7;43,5;449,7;525,9;602,5;[Note 1] [Note 5];;;;;;;;;;;;;;;;;;;;;;;;;;;;;;;;;;;;;;;;;;;;;;;;;;;;
E06000049;North West;Cheshire East UA;47,3;0,0;47,3;8,1;0,0;321,7;94,1;423,9;55,4;415,8;471,2;100,4;46,7;1.236,0;899,4;2.282,5;2.753,7;[Note 1] [Note 5];;;;;;;;;;;;;;;;;;;;;;;;;;;;;;;;;;;;;;;;;;;;;;;;;;;;
E06000050;North West;Cheshire West and Chester UA;40,9;0,0;40,9;32,3;2,0;216,8;71,0;322,1;75,2;287,8;363,0;109,3;32,2;1.087,5;715,7;1.944,6;2.307,6;[Note 1] [Note 5];;;;;;;;;;;;;;;;;;;;;;;;;;;;;;;;;;;;;;;;;;;;;;;;;;;;
E06000063;North West;Cumberland;25,1;0,0;25,1;85,1;4,7;290,9;25,9;406,6;114,9;316,8;431,7;288,3;12,8;2.571,0;419,5;3.291,6;3.723,3;[Note 1] [Note 4] [Note 5];;;;;;;;;;;;;;;;;;;;;;;;;;;;;;;;;;;;;;;;;;;;;;;;;;;;
E06000006;North West;Halton UA;6,4;0,0;6,4;0,0;0,0;27,2;27,4;54,6;6,4;54,6;61,0;2,9;13,5;95,1;426,5;537,9;598,9;[Note 1] [Note 5];;;;;;;;;;;;;;;;;;;;;;;;;;;;;;;;;;;;;;;;;;;;;;;;;;;;
E08000011;North West;Knowsley ;18,2;5,5;23,7;1,1;0,0;26,6;22,9;50,6;19,3;55,0;74,3;8,7;12,6;64,6;441,2;527,2;601,5;[Note 1] [Note 5];;;;;;;;;;;;;;;;;;;;;;;;;;;;;;;;;;;;;;;;;;;;;;;;;;;;
E10000017;North West;Lancashire ;154,8;12,5;167,3;25,9;10,4;455,5;226,3;718,1;191,1;694,3;885,4;309,0;148,1;2.912,0;2.844,3;6.213,3;7.098,7;[Note 1] [Note 5];;;;;;;;;;;;;;;;;;;;;;;;;;;;;;;;;;;;;;;;;;;;;;;;;;;;
E08000012;North West;Liverpool;0,0;1,0;1,0;0,0;0,0;2,9;122,6;125,5;0,0;126,5;126,5;0,5;37,4;24,5;1.242,3;1.304,6;1.431,1;[Note 1] [Note 5];;;;;;;;;;;;;;;;;;;;;;;;;;;;;;;;;;;;;;;;;;;;;;;;;;;;
E08000003;North West;Manchester;15,9;3,7;19,6;0,8;1,4;3,9;112,1;118,2;18,1;119,7;137,8;1,8;37,7;7,9;1.221,6;1.269,0;1.406,8;[Note 1] [Note 5];;;;;;;;;;;;;;;;;;;;;;;;;;;;;;;;;;;;;;;;;;;;;;;;;;;;
E08000004;North West;Oldham ;8,3;0,0;8,3;0,1;4,4;34,7;60,1;99,3;12,8;94,8;107,6;7,7;25,8;71,1;620,0;724,6;832,2;[Note 1] [Note 5];;;;;;;;;;;;;;;;;;;;;;;;;;;;;;;;;;;;;;;;;;;;;;;;;;;;
E08000005;North West;Rochdale;25,8;0,0;25,8;0,0;0,0;25,0;60,3;85,3;25,8;85,3;111,1;7,0;17,7;66,7;587,5;678,9;790,0;[Note 1] [Note 5];;;;;;;;;;;;;;;;;;;;;;;;;;;;;;;;;;;;;;;;;;;;;;;;;;;;
E08000006;North West;Salford;28,0;0,0;28,0;0,0;0,0;13,2;76,8;90,0;28,0;90,0;118,0;0,4;32,2;27,3;638,5;698,5;816,5;[Note 1] [Note 5];;;;;;;;;;;;;;;;;;;;;;;;;;;;;;;;;;;;;;;;;;;;;;;;;;;;
E08000014;North West;Sefton;8,2;0,0;8,2;0,9;6,3;19,2;63,0;89,4;15,4;82,2;97,6;12,4;29,2;102,6;757,6;901,7;999,3;[Note 1] [Note 5];;;;;;;;;;;;;;;;;;;;;;;;;;;;;;;;;;;;;;;;;;;;;;;;;;;;
E08000013;North West;St. Helens;14,0;0,0;14,0;0,0;0,0;42,2;42,1;84,3;14,0;84,3;98,3;24,0;17,2;96,7;509,7;647,6;745,9;[Note 1] [Note 5];;;;;;;;;;;;;;;;;;;;;;;;;;;;;;;;;;;;;;;;;;;;;;;;;;;;
E08000007;North West;Stockport;12,9;0,0;12,9;0,0;0,0;20,8;72,9;93,7;12,9;93,7;106,6;4,5;34,8;56,8;785,4;881,5;988,1;[Note 1] [Note 5];;;;;;;;;;;;;;;;;;;;;;;;;;;;;;;;;;;;;;;;;;;;;;;;;;;;
E08000008;North West;Tameside;15,3;0,0;15,3;0,6;2,7;8,5;55,0;66,8;18,6;63,5;82,1;2,4;29,2;38,3;617,0;686,9;769,0;[Note 1] [Note 5];;;;;;;;;;;;;;;;;;;;;;;;;;;;;;;;;;;;;;;;;;;;;;;;;;;;
E08000009;North West;Trafford;10,0;0,0;10,0;0,0;0,0;11,0;48,9;59,9;10,0;59,9;69,9;9,6;42,2;42,3;658,7;752,8;822,7;[Note 1] [Note 5];;;;;;;;;;;;;;;;;;;;;;;;;;;;;;;;;;;;;;;;;;;;;;;;;;;;
E06000007;North West;Warrington UA;34,8;0,0;34,8;0,0;0,0;57,0;59,7;116,7;34,8;116,7;151,5;26,4;9,2;225,5;596,2;857,4;1.008,9;[Note 1] [Note 5];;;;;;;;;;;;;;;;;;;;;;;;;;;;;;;;;;;;;;;;;;;;;;;;;;;;
E06000064;North West;Westmorland and Furness;83,4;0,0;83,4;113,6;2,8;465,1;25,9;607,4;199,8;491,0;690,8;280,0;4,1;2.940,3;331,3;3.555,7;4.246,5;[Note 1] [Note 4] [Note 5];;;;;;;;;;;;;;;;;;;;;;;;;;;;;;;;;;;;;;;;;;;;;;;;;;;;
E08000010;North West;Wigan;19,2;0,0;19,2;0,0;0,0;32,3;90,6;122,9;19,2;122,9;142,1;18,5;37,0;114,4;867,1;1.037,0;1.179,1;[Note 1] [Note 5];;;;;;;;;;;;;;;;;;;;;;;;;;;;;;;;;;;;;;;;;;;;;;;;;;;;
E08000015;North West;Wirral;20,0;0,0;20,0;0,0;0,0;30,4;76,7;107,1;20,0;107,1;127,1;19,0;47,4;80,6;944,3;1.091,2;1.218,3;[Note 1] [Note 5];;;;;;;;;;;;;;;;;;;;;;;;;;;;;;;;;;;;;;;;;;;;;;;;;;;;
E08000016;Yorkshire and The Humber;Barnsley;17,3;0,0;17,3;21,9;0,0;88,4;43,3;153,6;39,2;131,7;170,9;31,7;42,2;324,5;630,5;1.028,8;1.199,7;[Note 1] [Note 5];;;;;;;;;;;;;;;;;;;;;;;;;;;;;;;;;;;;;;;;;;;;;;;;;;;;
E08000032;Yorkshire and The Humber;Bradford;2,7;0,0;2,7;0,0;0,0;50,1;102,0;152,1;2,7;152,1;154,8;31,2;47,4;345,8;1.244,4;1.668,9;1.823,7;[Note 1] [Note 5];;;;;;;;;;;;;;;;;;;;;;;;;;;;;;;;;;;;;;;;;;;;;;;;;;;;
E08000033;Yorkshire and The Humber;Calderdale;12,3;0,0;12,3;0,0;0,0;69,8;68,5;138,3;12,3;138,3;150,6;26,5;8,6;401,9;564,5;1.001,5;1.152,1;[Note 1] [Note 5];;;;;;;;;;;;;;;;;;;;;;;;;;;;;;;;;;;;;;;;;;;;;;;;;;;;
E08000017;Yorkshire and The Humber;Doncaster;61,7;0,0;61,7;5,7;0,4;110,1;50,8;167,0;67,8;160,9;228,7;42,5;13,2;585,7;820,0;1.461,3;1.690,0;[Note 1] [Note 5];;;;;;;;;;;;;;;;;;;;;;;;;;;;;;;;;;;;;;;;;;;;;;;;;;;;
E06000011;Yorkshire and The Humber;East Riding of Yorkshire UA;35,8;0,0;35,8;15,5;4,0;341,5;13,7;374,7;55,3;355,2;410,5;289,8;36,8;2.198,6;560,1;3.085,3;3.495,8;[Note 1] [Note 5];;;;;;;;;;;;;;;;;;;;;;;;;;;;;;;;;;;;;;;;;;;;;;;;;;;;
E06000010;Yorkshire and The Humber;Kingston upon Hull, City of UA;0,0;0,0;0,0;3,0;11,0;0,8;34,6;49,4;14,0;35,4;49,4;0,0;10,4;29,8;670,0;710,2;759,6;[Note 1] [Note 5];;;;;;;;;;;;;;;;;;;;;;;;;;;;;;;;;;;;;;;;;;;;;;;;;;;;
E08000034;Yorkshire and The Humber;Kirklees ;23,0;0,0;23,0;0,0;0,0;88,7;121,4;210,1;23,0;210,1;233,1;46,0;43,3;473,2;1.127,3;1.689,7;1.922,8;[Note 1] [Note 5];;;;;;;;;;;;;;;;;;;;;;;;;;;;;;;;;;;;;;;;;;;;;;;;;;;;
E08000035;Yorkshire and The Humber;Leeds;77,1;3,5;80,6;2,2;1,1;140,0;173,1;316,4;80,4;316,6;397,0;13,8;64,5;469,0;1.994,1;2.541,5;2.938,5;[Note 1] [Note 5];;;;;;;;;;;;;;;;;;;;;;;;;;;;;;;;;;;;;;;;;;;;;;;;;;;;
E06000012;Yorkshire and The Humber;North East Lincolnshire UA;0,0;0,0;0,0;12,6;0,9;39,9;34,7;88,1;13,5;74,6;88,1;18,9;11,9;155,6;373,5;559,8;647,9;[Note 1] [Note 5];;;;;;;;;;;;;;;;;;;;;;;;;;;;;;;;;;;;;;;;;;;;;;;;;;;;
E06000013;Yorkshire and The Humber;North Lincolnshire UA;39,0;0,0;39,0;10,7;2,6;139,1;15,8;168,2;52,3;154,9;207,2;152,5;10,9;774,4;283,3;1.221,1;1.428,3;[Note 1] [Note 5];;;;;;;;;;;;;;;;;;;;;;;;;;;;;;;;;;;;;;;;;;;;;;;;;;;;
E06000065;Yorkshire and The Humber;North Yorkshire ;99,2;0,0;99,2;128,2;0,3;855,4;67,2;1.051,1;227,7;922,6;1.150,3;624,3;33,6;6.146,2;777,7;7.581,8;8.732,1;[Note 1] [Note 5];;;;;;;;;;;;;;;;;;;;;;;;;;;;;;;;;;;;;;;;;;;;;;;;;;;;
E08000018;Yorkshire and The Humber;Rotherham ;27,1;0,0;27,1;0,0;0,0;48,3;63,2;111,5;27,1;111,5;138,6;61,6;33,5;293,9;664,0;1.053,1;1.191,7;[Note 1] [Note 5];;;;;;;;;;;;;;;;;;;;;;;;;;;;;;;;;;;;;;;;;;;;;;;;;;;;
E08000019;Yorkshire and The Humber;Sheffield;10,3;0,0;10,3;4,5;1,2;44,9;102,2;152,8;16,0;147,1;163,1;16,5;82,1;267,0;1.442,4;1.808,0;1.971,1;[Note 1] [Note 5];;;;;;;;;;;;;;;;;;;;;;;;;;;;;;;;;;;;;;;;;;;;;;;;;;;;
E08000036;Yorkshire and The Humber;Wakefield;36,2;0,0;36,2;11,1;0,0;98,9;68,0;178,0;47,3;166,9;214,2;57,1;31,6;399,5;790,1;1.278,2;1.492,4;[Note 1] [Note 5];;;;;;;;;;;;;;;;;;;;;;;;;;;;;;;;;;;;;;;;;;;;;;;;;;;;
E06000014;Yorkshire and The Humber;York UA;0,0;0,0;0,0;24,9;0,0;48,0;27,0;99,9;24,9;75,0;99,9;25,0;5,3;269,1;414,6;714,0;813,9;[Note 1] [Note 5];;;;;;;;;;;;;;;;;;;;;;;;;;;;;;;;;;;;;;;;;;;;;;;;;;;;
E06000015;East Midlands;Derby UA;0,0;0,0;0,0;10,1;7,3;9,0;46,5;72,9;17,4;55,5;72,9;0,6;5,9;39,1;662,5;708,1;781,0;[Note 1] [Note 3] [Note 5];;;;;;;;;;;;;;;;;;;;;;;;;;;;;;;;;;;;;;;;;;;;;;;;;;;;
E10000007;East Midlands;Derbyshire ;37,0;0,0;37,0;91,7;4,9;490,7;136,8;724,1;133,6;627,5;761,1;365,3;103,1;2.782,8;1.661,1;4.912,3;5.673,4;[Note 1] [Note 5];;;;;;;;;;;;;;;;;;;;;;;;;;;;;;;;;;;;;;;;;;;;;;;;;;;;
E06000016;East Midlands;Leicester UA;0,0;0,0;0,0;3,4;0,0;9,7;59,4;72,5;3,4;69,1;72,5;1,7;13,0;22,5;725,1;762,2;834,7;[Note 1] [Note 5];;;;;;;;;;;;;;;;;;;;;;;;;;;;;;;;;;;;;;;;;;;;;;;;;;;;
E10000018;East Midlands;Leicestershire ;85,3;0,0;85,3;81,7;1,1;288,9;64,6;436,3;168,1;353,5;521,6;192,2;41,9;2.615,9;1.335,7;4.185,8;4.707,4;[Note 1] [Note 5];;;;;;;;;;;;;;;;;;;;;;;;;;;;;;;;;;;;;;;;;;;;;;;;;;;;
E10000019;East Midlands;Lincolnshire;0,0;0,0;0,0;63,8;1,3;979,9;85,1;1.130,1;65,1;1.065,0;1.130,1;710,4;70,8;5.927,7;1.104,8;7.813,7;8.943,8;[Note 1] [Note 5];;;;;;;;;;;;;;;;;;;;;;;;;;;;;;;;;;;;;;;;;;;;;;;;;;;;
E06000061;East Midlands;North Northamptonshire;0,0;0,0;0,0;59,6;1,7;208,4;58,6;328,3;61,3;267,0;328,3;69,7;15,3;900,8;573,8;1.559,6;1.887,9;[Note 1] [Note 5];;;;;;;;;;;;;;;;;;;;;;;;;;;;;;;;;;;;;;;;;;;;;;;;;;;;
E06000018;East Midlands;Nottingham UA;0,3;0,0;0,3;4,1;7,4;3,4;61,9;76,8;11,8;65,3;77,1;0,6;24,4;12,1;684,4;721,5;798,6;[Note 1] [Note 5];;;;;;;;;;;;;;;;;;;;;;;;;;;;;;;;;;;;;;;;;;;;;;;;;;;;
E10000024;East Midlands;Nottinghamshire ;22,9;0,0;22,9;136,1;8,4;400,2;87,0;631,7;167,4;487,2;654,6;171,9;102,1;2.050,4;1.515,3;3.839,8;4.494,4;[Note 1] [Note 5];;;;;;;;;;;;;;;;;;;;;;;;;;;;;;;;;;;;;;;;;;;;;;;;;;;;
E06000017;East Midlands;Rutland UA;0,0;0,0;0,0;18,1;0,4;76,3;0,7;95,5;18,5;77,0;95,5;31,7;5,1;388,2;39,1;464,1;559,6;[Note 1] [Note 5];;;;;;;;;;;;;;;;;;;;;;;;;;;;;;;;;;;;;;;;;;;;;;;;;;;;
E06000062;East Midlands;West Northamptonshire;54,4;0,0;54,4;116,0;3,8;188,9;69,5;378,2;174,2;258,4;432,6;58,9;5,3;1.437,1;689,4;2.190,6;2.623,2;[Note 1] [Note 5];;;;;;;;;;;;;;;;;;;;;;;;;;;;;;;;;;;;;;;;;;;;;;;;;;;;
E08000025;West Midlands;Birmingham;22,0;3,8;25,8;0,0;0,0;11,5;191,7;203,2;22,0;207,0;229,0;2,7;126,9;49,1;2.169,9;2.348,6;2.577,6;[Note 1] [Note 5];;;;;;;;;;;;;;;;;;;;;;;;;;;;;;;;;;;;;;;;;;;;;;;;;;;;
E08000026;West Midlands;Coventry;3,5;0,0;3,5;5,1;1,6;16,5;37,5;60,7;10,2;54,0;64,2;8,5;51,2;56,2;715,3;831,2;895,4;[Note 1] [Note 5];;;;;;;;;;;;;;;;;;;;;;;;;;;;;;;;;;;;;;;;;;;;;;;;;;;;
E08000027;West Midlands;Dudley ;5,5;0,0;5,5;0,0;0,0;5,4;89,3;94,7;5,5;94,7;100,2;3,2;41,8;19,5;877,7;942,2;1.042,4;[Note 1] [Note 5];;;;;;;;;;;;;;;;;;;;;;;;;;;;;;;;;;;;;;;;;;;;;;;;;;;;
E06000019;West Midlands;Herefordshire, County of UA;7,5;0,0;7,5;62,8;7,0;358,6;22,8;451,2;77,3;381,4;458,7;303,0;14,8;2.324,1;244,3;2.886,1;3.344,8;[Note 1] [Note 5];;;;;;;;;;;;;;;;;;;;;;;;;;;;;;;;;;;;;;;;;;;;;;;;;;;;
E08000028;West Midlands;Sandwell ;18,1;0,0;18,1;0,0;0,5;4,2;82,8;87,5;18,6;87,0;105,6;0,0;38,1;6,0;703,7;747,9;853,5;[Note 1] [Note 5];;;;;;;;;;;;;;;;;;;;;;;;;;;;;;;;;;;;;;;;;;;;;;;;;;;;
E06000051;West Midlands;Shropshire UA;12,4;0,0;12,4;122,4;1,8;407,2;32,7;564,1;136,6;439,9;576,5;532,9;28,4;3.655,4;389,3;4.605,9;5.182,4;[Note 1] [Note 5];;;;;;;;;;;;;;;;;;;;;;;;;;;;;;;;;;;;;;;;;;;;;;;;;;;;
E08000029;West Midlands;Solihull;20,7;0,0;20,7;3,4;0,5;40,7;15,6;60,2;24,6;56,3;80,9;40,6;34,1;214,7;508,5;797,9;878,8;[Note 1] [Note 5];;;;;;;;;;;;;;;;;;;;;;;;;;;;;;;;;;;;;;;;;;;;;;;;;;;;
E10000028;West Midlands;Staffordshire ;103,8;0,0;103,8;93,5;15,4;499,4;161,2;769,5;212,7;660,6;873,3;257,0;77,3;3.237,1;1.860,1;5.431,5;6.304,8;[Note 1] [Note 5];;;;;;;;;;;;;;;;;;;;;;;;;;;;;;;;;;;;;;;;;;;;;;;;;;;;
E06000021;West Midlands;Stoke-on-Trent UA;0,0;0,0;0,0;5,2;12,9;9,5;79,1;106,7;18,1;88,6;106,7;1,6;19,1;40,8;716,4;777,8;884,5;[Note 1] [Note 5];;;;;;;;;;;;;;;;;;;;;;;;;;;;;;;;;;;;;;;;;;;;;;;;;;;;
E06000020;West Midlands;Telford and Wrekin UA;12,4;0,0;12,4;4,4;0,0;67,0;16,7;88,1;16,8;83,7;100,5;44,9;17,6;370,2;548,6;981,3;1.081,8;[Note 1] [Note 3] [Note 5];;;;;;;;;;;;;;;;;;;;;;;;;;;;;;;;;;;;;;;;;;;;;;;;;;;;
E08000030;West Midlands;Walsall;9,2;0,0;9,2;2,2;0,9;13,5;66,8;83,4;12,3;80,3;92,6;6,0;35,2;58,9;687,5;787,6;880,2;[Note 1] [Note 5];;;;;;;;;;;;;;;;;;;;;;;;;;;;;;;;;;;;;;;;;;;;;;;;;;;;
E10000031;West Midlands;Warwickshire;148,1;0,0;148,1;90,9;4,3;327,0;67,9;490,1;243,3;394,9;638,2;376,1;55,3;2.264,6;996,5;3.692,5;4.330,7;[Note 1] [Note 5];;;;;;;;;;;;;;;;;;;;;;;;;;;;;;;;;;;;;;;;;;;;;;;;;;;;
E08000031;West Midlands;Wolverhampton;0,0;0,0;0,0;0,0;0,0;1,3;63,9;65,2;0,0;65,2;65,2;0,0;13,4;9,7;655,5;678,7;743,9;[Note 1] [Note 5];;;;;;;;;;;;;;;;;;;;;;;;;;;;;;;;;;;;;;;;;;;;;;;;;;;;
E10000034;West Midlands;Worcestershire ;78,0;0,0;78,0;21,7;0,6;386,8;92,4;501,5;100,3;479,2;579,5;303,1;86,2;2.094,2;1.214,7;3.698,3;4.277,8;[Note 1] [Note 5];;;;;;;;;;;;;;;;;;;;;;;;;;;;;;;;;;;;;;;;;;;;;;;;;;;;
E06000055;East of England;Bedford UA ;0,0;0,0;0,0;28,6;2,0;62,7;23,8;117,1;30,6;86,5;117,1;22,6;7,1;556,4;274,8;860,9;978,0;[Note 1] [Note 5];;;;;;;;;;;;;;;;;;;;;;;;;;;;;;;;;;;;;;;;;;;;;;;;;;;;
E10000003;East of England;Cambridgeshire ;50,0;0,0;50,0;171,9;2,3;377,7;57,5;609,4;224,2;435,2;659,4;520,1;55,5;2.622,4;813,3;4.011,4;4.670,8;[Note 1] [Note 5];;;;;;;;;;;;;;;;;;;;;;;;;;;;;;;;;;;;;;;;;;;;;;;;;;;;
E06000056;East of England;Central Bedfordshire UA ;29,2;0,0;29,2;44,8;3,4;99,0;20,7;167,9;77,4;119,7;197,1;102,1;12,0;801,4;364,9;1.280,4;1.477,5;[Note 1] [Note 5];;;;;;;;;;;;;;;;;;;;;;;;;;;;;;;;;;;;;;;;;;;;;;;;;;;;
E10000012;East of England;Essex ;83,4;0,0;83,4;139,9;8,2;356,4;148,8;653,3;231,5;505,2;736,7;621,9;148,1;4.083,8;2.756,4;7.610,2;8.346,9;[Note 1] [Note 5];;;;;;;;;;;;;;;;;;;;;;;;;;;;;;;;;;;;;;;;;;;;;;;;;;;;
E10000015;East of England;Hertfordshire;102,7;0,0;102,7;12,3;0,4;309,8;189,8;512,3;115,4;499,6;615,0;229,7;98,3;1.672,1;2.388,3;4.388,4;5.003,4;[Note 1] [Note 5];;;;;;;;;;;;;;;;;;;;;;;;;;;;;;;;;;;;;;;;;;;;;;;;;;;;
E06000032;East of England;Luton UA;2,6;0,0;2,6;0,0;0,0;2,9;31,9;34,8;2,6;34,8;37,4;1,5;6,9;8,2;414,9;431,4;468,8;[Note 1] [Note 5];;;;;;;;;;;;;;;;;;;;;;;;;;;;;;;;;;;;;;;;;;;;;;;;;;;;
E10000020;East of England;Norfolk;0,0;0,0;0,0;176,4;10,4;672,7;102,0;961,5;186,8;774,7;961,5;611,4;32,1;7.060,5;1.286,4;8.990,4;9.951,9;[Note 1] [Note 5];;;;;;;;;;;;;;;;;;;;;;;;;;;;;;;;;;;;;;;;;;;;;;;;;;;;
E06000031;East of England;Peterborough UA;0,0;0,0;0,0;36,2;4,9;57,3;27,1;125,5;41,1;84,4;125,5;53,9;2,5;335,8;479,4;871,6;997,1;[Note 1] [Note 5];;;;;;;;;;;;;;;;;;;;;;;;;;;;;;;;;;;;;;;;;;;;;;;;;;;;
E06000033;East of England;Southend-on-Sea UA;0,0;0,0;0,0;0,0;0,0;2,1;31,8;33,9;0,0;33,9;33,9;0,9;9,3;12,3;401,6;424,1;458,0;[Note 1] [Note 5];;;;;;;;;;;;;;;;;;;;;;;;;;;;;;;;;;;;;;;;;;;;;;;;;;;;
E10000029;East of England;Suffolk;0,0;0,0;0,0;124,3;11,4;481,0;103,8;720,5;135,7;584,8;720,5;665,6;58,7;4.107,5;1.204,7;6.036,5;6.757,0;[Note 1] [Note 5];;;;;;;;;;;;;;;;;;;;;;;;;;;;;;;;;;;;;;;;;;;;;;;;;;;;
E06000034;East of England;Thurrock UA;4,9;0,0;4,9;20,1;3,0;42,1;22,8;88,0;28,0;64,9;92,9;20,2;10,7;153,8;325,8;510,5;603,4;[Note 1] [Note 5];;;;;;;;;;;;;;;;;;;;;;;;;;;;;;;;;;;;;;;;;;;;;;;;;;;;
E09000002;London;Barking and Dagenham;0,0;0,0;0,0;0,0;0,0;2,2;35,1;37,3;0,0;37,3;37,3;0,0;2,9;9,9;292,5;305,4;342,7;[Note 1] [Note 5];;;;;;;;;;;;;;;;;;;;;;;;;;;;;;;;;;;;;;;;;;;;;;;;;;;;
E09000003;London;Barnet;12,0;0,0;12,0;0,0;0,0;8,8;88,4;97,2;12,0;97,2;109,2;1,2;17,8;6,4;631,3;656,7;765,9;[Note 1] [Note 5];;;;;;;;;;;;;;;;;;;;;;;;;;;;;;;;;;;;;;;;;;;;;;;;;;;;
E09000004;London;Bexley;0,0;0,0;0,0;0,0;0,0;9,2;60,2;69,4;0,0;69,4;69,4;1,5;10,8;10,2;458,3;480,9;550,3;[Note 1] [Note 5];;;;;;;;;;;;;;;;;;;;;;;;;;;;;;;;;;;;;;;;;;;;;;;;;;;;
E09000005;London;Brent;0,0;0,0;0,0;0,0;0,0;0,0;55,9;55,9;0,0;55,9;55,9;0,0;15,0;0,0;393,1;408,1;464,0;[Note 1] [Note 5];;;;;;;;;;;;;;;;;;;;;;;;;;;;;;;;;;;;;;;;;;;;;;;;;;;;
E09000006;London;Bromley;0,0;0,0;0,0;0,0;0,0;17,3;72,7;90,0;0,0;90,0;90,0;4,1;24,2;92,8;702,6;823,6;913,6;[Note 1] [Note 5];;;;;;;;;;;;;;;;;;;;;;;;;;;;;;;;;;;;;;;;;;;;;;;;;;;;
E09000007;London;Camden;0,0;0,0;0,0;0,0;0,0;0,0;38,6;38,6;0,0;38,6;38,6;0,0;19,8;0,0;218,8;238,6;277,2;[Note 1] [Note 5];;;;;;;;;;;;;;;;;;;;;;;;;;;;;;;;;;;;;;;;;;;;;;;;;;;;
E09000001;London;City of London;0,0;0,0;0,0;0,0;0,0;0,0;12,4;12,4;0,0;12,4;12,4;0,0;1,1;0,0;34,2;35,3;47,7;[Note 1] [Note 5];;;;;;;;;;;;;;;;;;;;;;;;;;;;;;;;;;;;;;;;;;;;;;;;;;;;
E09000008;London;Croydon;0,0;0,0;0,0;0,0;0,0;2,2;75,9;78,1;0,0;78,1;78,1;0,7;27,4;12,0;655,5;695,6;773,7;[Note 1] [Note 5];;;;;;;;;;;;;;;;;;;;;;;;;;;;;;;;;;;;;;;;;;;;;;;;;;;;
E09000009;London;Ealing;0,0;0,0;0,0;0,0;0,0;0,0;55,4;55,4;0,0;55,4;55,4;0,0;24,9;0,0;509,0;533,9;589,3;[Note 1] [Note 3] [Note 5];;;;;;;;;;;;;;;;;;;;;;;;;;;;;;;;;;;;;;;;;;;;;;;;;;;;
E09000010;London;Enfield;11,2;0,0;11,2;0,0;0,0;13,1;68,2;81,3;11,2;81,3;92,5;0,0;6,6;18,2;517,6;542,4;634,9;[Note 1] [Note 5];;;;;;;;;;;;;;;;;;;;;;;;;;;;;;;;;;;;;;;;;;;;;;;;;;;;
E09000011;London;Greenwich;0,0;0,0;0,0;0,0;0,0;0,0;68,5;68,5;0,0;68,5;68,5;0,0;14,0;0,0;435,4;449,4;517,9;[Note 1] [Note 5];;;;;;;;;;;;;;;;;;;;;;;;;;;;;;;;;;;;;;;;;;;;;;;;;;;;
E09000012;London;Hackney;0,0;0,0;0,0;0,0;0,0;1,0;35,0;36,0;0,0;36,0;36,0;0,7;11,6;2,3;219,9;234,4;270,4;[Note 1] [Note 5];;;;;;;;;;;;;;;;;;;;;;;;;;;;;;;;;;;;;;;;;;;;;;;;;;;;
E09000013;London;Hammersmith and Fulham;0,0;0,0;0,0;0,0;0,0;0,0;32,2;32,2;0,0;32,2;32,2;0,0;4,7;0,0;183,2;187,8;220,0;[Note 1] [Note 5];;;;;;;;;;;;;;;;;;;;;;;;;;;;;;;;;;;;;;;;;;;;;;;;;;;;
E09000014;London;Haringey;0,0;0,0;0,0;0,0;0,0;0,0;38,7;38,7;0,0;38,7;38,7;0,0;19,5;0,0;295,8;315,2;353,9;[Note 1] [Note 5];;;;;;;;;;;;;;;;;;;;;;;;;;;;;;;;;;;;;;;;;;;;;;;;;;;;
E09000015;London;Harrow;1,0;0,0;1,0;0,0;0,0;0,9;39,8;40,7;1,0;40,7;41,7;0,0;1,8;3,6;425,4;430,8;472,5;[Note 1] [Note 5];;;;;;;;;;;;;;;;;;;;;;;;;;;;;;;;;;;;;;;;;;;;;;;;;;;;
E09000016;London;Havering;11,8;0,0;11,8;0,0;0,0;17,8;33,2;51,0;11,8;51,0;62,8;10,7;13,6;55,6;541,9;621,8;684,6;[Note 1] [Note 5];;;;;;;;;;;;;;;;;;;;;;;;;;;;;;;;;;;;;;;;;;;;;;;;;;;;
E09000017;London;Hillingdon;10,5;0,0;10,5;1,4;0,2;7,9;63,4;72,9;12,1;71,3;83,4;0,2;18,7;48,0;577,9;644,8;728,2;[Note 1] [Note 5];;;;;;;;;;;;;;;;;;;;;;;;;;;;;;;;;;;;;;;;;;;;;;;;;;;;
E09000018;London;Hounslow;9,8;0,0;9,8;0,0;0,0;3,3;69,2;72,5;9,8;72,5;82,3;1,8;12,9;8,3;394,5;417,5;499,8;[Note 1] [Note 5];;;;;;;;;;;;;;;;;;;;;;;;;;;;;;;;;;;;;;;;;;;;;;;;;;;;
E09000019;London;Islington;0,0;0,0;0,0;0,0;0,0;0,0;38,5;38,5;0,0;38,5;38,5;0,0;7,6;0,0;190,5;198,0;236,5;[Note 1] [Note 5];;;;;;;;;;;;;;;;;;;;;;;;;;;;;;;;;;;;;;;;;;;;;;;;;;;;
E09000020;London;Kensington and Chelsea;0,0;0,0;0,0;0,0;0,0;0,0;32,2;32,2;0,0;32,2;32,2;0,0;10,1;0,0;171,6;181,7;213,9;[Note 1] [Note 5];;;;;;;;;;;;;;;;;;;;;;;;;;;;;;;;;;;;;;;;;;;;;;;;;;;;
E09000021;London;Kingston upon Thames;0,0;0,0;0,0;0,0;0,0;3,2;41,3;44,5;0,0;44,5;44,5;1,8;6,6;1,3;288,6;298,3;342,8;[Note 1] [Note 5];;;;;;;;;;;;;;;;;;;;;;;;;;;;;;;;;;;;;;;;;;;;;;;;;;;;
E09000022;London;Lambeth;0,0;0,0;0,0;0,0;0,0;0,0;55,0;55,0;0,0;55,0;55,0;0,0;13,4;0,0;315,1;328,5;383,5;[Note 1] [Note 5];;;;;;;;;;;;;;;;;;;;;;;;;;;;;;;;;;;;;;;;;;;;;;;;;;;;
E09000023;London;Lewisham;0,0;0,0;0,0;0,0;0,0;0,0;38,6;38,6;0,0;38,6;38,6;0,0;18,3;0,0;376,8;395,1;433,7;[Note 1] [Note 5];;;;;;;;;;;;;;;;;;;;;;;;;;;;;;;;;;;;;;;;;;;;;;;;;;;;
E09000024;London;Merton;0,0;0,0;0,0;0,0;0,0;0,0;42,4;42,4;0,0;42,4;42,4;0,0;20,2;0,0;312,5;332,7;375,1;[Note 1] [Note 5];;;;;;;;;;;;;;;;;;;;;;;;;;;;;;;;;;;;;;;;;;;;;;;;;;;;
E09000025;London;Newham;0,0;0,0;0,0;0,0;0,0;6,5;48,0;54,5;0,0;54,5;54,5;0,0;13,6;16,3;345,5;375,5;430,0;[Note 1] [Note 3] [Note 5];;;;;;;;;;;;;;;;;;;;;;;;;;;;;;;;;;;;;;;;;;;;;;;;;;;;
E09000026;London;Redbridge;4,0;0,0;4,0;0,0;0,0;12,9;45,1;58,0;4,0;58,0;62,0;0,8;6,8;16,6;450,6;474,7;536,7;[Note 1] [Note 5];;;;;;;;;;;;;;;;;;;;;;;;;;;;;;;;;;;;;;;;;;;;;;;;;;;;
E09000027;London;Richmond upon Thames;0,0;0,0;0,0;0,0;0,0;8,1;54,3;62,4;0,0;62,4;62,4;3,0;20,5;7,5;319,5;350,5;412,9;[Note 1] [Note 5];;;;;;;;;;;;;;;;;;;;;;;;;;;;;;;;;;;;;;;;;;;;;;;;;;;;
E09000028;London;Southwark;0,0;0,0;0,0;0,0;0,0;0,0;55,3;55,3;0,0;55,3;55,3;0,0;17,3;0,0;320,0;337,3;392,6;[Note 1] [Note 5];;;;;;;;;;;;;;;;;;;;;;;;;;;;;;;;;;;;;;;;;;;;;;;;;;;;
E09000029;London;Sutton;0,0;0,0;0,0;0,0;0,0;0,0;29,6;29,6;0,0;29,6;29,6;0,0;28,4;0,0;411,1;439,5;469,1;[Note 1] [Note 5];;;;;;;;;;;;;;;;;;;;;;;;;;;;;;;;;;;;;;;;;;;;;;;;;;;;
E09000030;London;Tower Hamlets;0,0;0,0;0,0;0,0;0,0;0,0;41,6;41,6;0,0;41,6;41,6;0,0;22,5;0,0;232,1;254,6;296,2;[Note 1] [Note 3] [Note 5];;;;;;;;;;;;;;;;;;;;;;;;;;;;;;;;;;;;;;;;;;;;;;;;;;;;
E09000031;London;Waltham Forest;0,0;0,0;0,0;0,0;0,0;10,9;44,3;55,2;0,0;55,2;55,2;0,1;14,0;8,8;343,6;366,4;421,6;[Note 1] [Note 5];;;;;;;;;;;;;;;;;;;;;;;;;;;;;;;;;;;;;;;;;;;;;;;;;;;;
E09000032;London;Wandsworth;0,0;0,0;0,0;0,0;0,0;0,0;56,5;56,5;0,0;56,5;56,5;0,0;14,9;0,0;358,8;373,7;430,2;[Note 1] [Note 5];;;;;;;;;;;;;;;;;;;;;;;;;;;;;;;;;;;;;;;;;;;;;;;;;;;;
E09000033;London;Westminster;0,0;0,0;0,0;0,0;0,0;0,0;60,0;60,0;0,0;60,0;60,0;0,0;18,7;0,0;257,1;275,8;335,8;[Note 1] [Note 5];;;;;;;;;;;;;;;;;;;;;;;;;;;;;;;;;;;;;;;;;;;;;;;;;;;;
E06000036;South East;Bracknell Forest UA;0,9;0,0;0,9;0,0;0,0;31,2;20,0;51,2;0,9;51,2;52,1;25,9;16,9;73,2;306,3;422,4;474,5;[Note 1] [Note 5];;;;;;;;;;;;;;;;;;;;;;;;;;;;;;;;;;;;;;;;;;;;;;;;;;;;
E06000043;South East;Brighton and Hove UA;0,0;0,0;0,0;14,2;0,2;7,6;38,7;60,7;14,4;46,3;60,7;2,6;20,4;29,2;507,0;559,1;619,8;[Note 1] [Note 5];;;;;;;;;;;;;;;;;;;;;;;;;;;;;;;;;;;;;;;;;;;;;;;;;;;;
E06000060;South East;Buckinghamshire ;60,9;0,0;60,9;6,0;0,6;268,6;88,9;364,1;67,5;357,5;425,0;125,4;24,8;1.839,7;950,8;2.940,7;3.365,7;[Note 1] [Note 5];;;;;;;;;;;;;;;;;;;;;;;;;;;;;;;;;;;;;;;;;;;;;;;;;;;;
E10000011;South East;East Sussex ;0,0;0,0;0,0;88,7;9,2;269,5;87,3;454,7;97,9;356,8;454,7;225,2;47,8;1.588,4;1.048,5;2.909,9;3.364,6;[Note 1] [Note 5];;;;;;;;;;;;;;;;;;;;;;;;;;;;;;;;;;;;;;;;;;;;;;;;;;;;
E10000014;South East;Hampshire ;128,0;0,0;128,0;135,3;7,7;528,7;151,4;823,1;271,0;680,1;951,1;441,3;123,7;4.345,9;3.214,1;8.125,1;9.076,2;[Note 1] [Note 5];;;;;;;;;;;;;;;;;;;;;;;;;;;;;;;;;;;;;;;;;;;;;;;;;;;;
E06000046;South East;Isle of Wight UA;0,0;0,0;0,0;0,0;0,0;94,8;27,2;122,0;0,0;122,0;122,0;70,1;22,8;413,2;252,5;758,6;880,6;[Note 1] [Note 5];;;;;;;;;;;;;;;;;;;;;;;;;;;;;;;;;;;;;;;;;;;;;;;;;;;;
E10000016;South East;Kent ;164,5;0,0;164,5;163,0;15,3;584,5;223,4;986,2;342,8;807,9;1.150,7;336,4;112,8;5.108,4;2.659,3;8.216,9;9.367,6;[Note 1] [Note 5];;;;;;;;;;;;;;;;;;;;;;;;;;;;;;;;;;;;;;;;;;;;;;;;;;;;
E06000035;South East;Medway UA;8,6;0,0;8,6;0,0;0,0;31,0;37,7;68,7;8,6;68,7;77,3;13,2;11,7;216,1;541,6;782,5;859,8;[Note 1] [Note 5];;;;;;;;;;;;;;;;;;;;;;;;;;;;;;;;;;;;;;;;;;;;;;;;;;;;
E06000042;South East;Milton Keynes UA;16,8;0,0;16,8;17,6;1,3;59,2;10,9;89,0;35,7;70,1;105,8;23,6;8,3;442,0;772,1;1.246,1;1.351,9;[Note 1] [Note 5];;;;;;;;;;;;;;;;;;;;;;;;;;;;;;;;;;;;;;;;;;;;;;;;;;;;
E10000025;South East;Oxfordshire;56,6;0,0;56,6;46,8;1,9;519,6;77,6;645,9;105,3;597,2;702,5;414,4;49,1;2.507,2;1.053,9;4.024,6;4.727,1;[Note 1] [Note 5];;;;;;;;;;;;;;;;;;;;;;;;;;;;;;;;;;;;;;;;;;;;;;;;;;;;
E06000044;South East;Portsmouth UA;7,1;2,3;9,4;2,7;1,5;7,6;39,0;50,8;11,3;48,9;60,2;5,0;9,4;16,9;365,8;397,0;457,2;[Note 1] [Note 5];;;;;;;;;;;;;;;;;;;;;;;;;;;;;;;;;;;;;;;;;;;;;;;;;;;;
E06000038;South East;Reading UA;1,1;0,0;1,1;0,0;0,0;2,9;34,2;37,1;1,1;37,1;38,2;1,2;8,4;12,3;337,3;359,2;397,4;[Note 1] [Note 5];;;;;;;;;;;;;;;;;;;;;;;;;;;;;;;;;;;;;;;;;;;;;;;;;;;;
E06000039;South East;Slough UA;9,3;0,0;9,3;0,0;0,0;4,4;18,3;22,7;9,3;22,7;32,0;0,7;4,7;13,1;273,1;291,7;323,7;[Note 1] [Note 5];;;;;;;;;;;;;;;;;;;;;;;;;;;;;;;;;;;;;;;;;;;;;;;;;;;;
E06000045;South East;Southampton UA;2,5;0,0;2,5;0,0;0,0;3,2;54,3;57,5;2,5;57,5;60,0;0,5;2,8;10,1;520,1;533,5;593,5;[Note 1] [Note 5];;;;;;;;;;;;;;;;;;;;;;;;;;;;;;;;;;;;;;;;;;;;;;;;;;;;
E10000030;South East;Surrey;102,4;0,0;102,4;54,6;9,2;307,0;252,0;622,8;166,2;559,0;725,2;205,7;189,2;1.687,8;2.678,3;4.761,0;5.486,2;[Note 1] [Note 5];;;;;;;;;;;;;;;;;;;;;;;;;;;;;;;;;;;;;;;;;;;;;;;;;;;;
E06000037;South East;West Berkshire UA;44,5;0,0;44,5;26,0;0,0;82,5;21,7;130,2;70,5;104,2;174,7;68,9;5,8;858,5;279,8;1.213,0;1.387,7;[Note 1] [Note 5];;;;;;;;;;;;;;;;;;;;;;;;;;;;;;;;;;;;;;;;;;;;;;;;;;;;
E10000032;South East;West Sussex;12,8;0,0;12,8;75,1;13,0;376,5;104,9;569,5;100,9;481,4;582,3;256,0;78,6;1.722,3;1.503,0;3.559,9;4.142,2;[Note 1] [Note 5];;;;;;;;;;;;;;;;;;;;;;;;;;;;;;;;;;;;;;;;;;;;;;;;;;;;
E06000040;South East;Windsor and Maidenhead UA;20,8;0,0;20,8;7,8;0,2;36,9;37,0;81,9;28,8;73,9;102,7;37,4;28,5;151,0;365,7;582,5;685,2;[Note 1] [Note 5];;;;;;;;;;;;;;;;;;;;;;;;;;;;;;;;;;;;;;;;;;;;;;;;;;;;
E06000041;South East;Wokingham UA;12,7;8,2;20,9;0,0;0,0;50,8;26,2;77,0;12,7;85,2;97,9;40,2;20,1;268,7;386,1;715,1;813,0;[Note 1] [Note 5];;;;;;;;;;;;;;;;;;;;;;;;;;;;;;;;;;;;;;;;;;;;;;;;;;;;
E06000022;South West;Bath and North East Somerset UA;0,0;0,0;0,0;14,3;2,6;78,9;38,4;134,2;16,9;117,3;134,2;36,4;10,7;535,7;375,3;958,2;1.092,4;[Note 1] [Note 5];;;;;;;;;;;;;;;;;;;;;;;;;;;;;;;;;;;;;;;;;;;;;;;;;;;;
E06000058;South West;Bournemouth, Christchurch and Poole UA;0,0;0,0;0,0;3,0;0,3;24,0;74,2;101,5;3,3;98,2;101,5;10,4;47,5;54,0;1.057,0;1.168,9;1.270,4;[Note 1] [Note 5];;;;;;;;;;;;;;;;;;;;;;;;;;;;;;;;;;;;;;;;;;;;;;;;;;;;
E06000023;South West;Bristol, City of UA;13,9;0,0;13,9;0,0;0,9;15,8;79,3;96,0;14,8;95,1;109,9;4,8;51,7;32,7;950,2;1.039,4;1.149,3;[Note 1] [Note 5];;;;;;;;;;;;;;;;;;;;;;;;;;;;;;;;;;;;;;;;;;;;;;;;;;;;
E06000052;South West;Cornwall UA ;0,0;0,0;0,0;155,0;2,4;499,5;46,8;703,7;157,4;546,3;703,7;558,3;24,4;5.476,4;696,9;6.756,0;7.459,7;[Note 1] [Note 5];;;;;;;;;;;;;;;;;;;;;;;;;;;;;;;;;;;;;;;;;;;;;;;;;;;;
E10000008;South West;Devon ;38,7;0,0;38,7;177,7;4,9;880,8;74,2;1.137,6;221,3;955,0;1.176,3;605,9;44,4;10.019,1;1.172,3;11.841,7;13.018,0;[Note 1] [Note 5];;;;;;;;;;;;;;;;;;;;;;;;;;;;;;;;;;;;;;;;;;;;;;;;;;;;
E06000059;South West;Dorset UA;0,0;0,0;0,0;89,1;3,6;323,0;20,3;436,0;92,7;343,3;436,0;315,3;63,6;2.457,7;592,2;3.428,7;3.864,7;[Note 1] [Note 5];;;;;;;;;;;;;;;;;;;;;;;;;;;;;;;;;;;;;;;;;;;;;;;;;;;;
E10000013;South West;Gloucestershire ;68,9;0,0;68,9;61,0;2,3;449,8;92,6;605,7;132,2;542,4;674,6;342,2;55,4;3.231,2;1.321,6;4.950,5;5.625,1;[Note 1] [Note 5];;;;;;;;;;;;;;;;;;;;;;;;;;;;;;;;;;;;;;;;;;;;;;;;;;;;
E06000053;South West;Isles of Scilly UA;0,0;0,0;0,0;0,0;0,0;7,8;0,0;7,8;0,0;7,8;7,8;0,0;0,0;26,4;0,0;26,4;34,2;[Note 1] [Note 5];;;;;;;;;;;;;;;;;;;;;;;;;;;;;;;;;;;;;;;;;;;;;;;;;;;;
E06000024;South West;North Somerset UA;29,2;0,0;29,2;0,0;0,0;82,1;15,9;98,0;29,2;98,0;127,2;57,3;29,5;445,4;483,2;1.015,4;1.142,6;[Note 1] [Note 5];;;;;;;;;;;;;;;;;;;;;;;;;;;;;;;;;;;;;;;;;;;;;;;;;;;;
E06000026;South West;Plymouth UA;0,0;0,0;0,0;8,2;5,0;8,4;30,2;51,8;13,2;38,6;51,8;4,0;36,3;49,7;714,8;804,8;856,6;[Note 1] [Note 5];;;;;;;;;;;;;;;;;;;;;;;;;;;;;;;;;;;;;;;;;;;;;;;;;;;;
E06000066;South West;Somerset;52,5;0,0;52,5;70,5;0,0;574,5;72,2;717,2;123,0;646,7;769,7;431,5;28,2;4.733,3;835,3;6.028,3;6.798,0;[Note 1] [Note 5];;;;;;;;;;;;;;;;;;;;;;;;;;;;;;;;;;;;;;;;;;;;;;;;;;;;
E06000025;South West;South Gloucestershire UA;74,4;0,0;74,4;8,1;0,0;71,4;47,5;127,0;82,5;118,9;201,4;88,9;26,8;605,7;646,4;1.367,8;1.569,2;[Note 1] [Note 5];;;;;;;;;;;;;;;;;;;;;;;;;;;;;;;;;;;;;;;;;;;;;;;;;;;;
E06000030;South West;Swindon UA;15,3;0,0;15,3;13,1;2,0;33,6;23,4;72,1;30,4;57,0;87,4;40,3;39,1;230,8;457,4;767,6;855,0;[Note 1] [Note 5];;;;;;;;;;;;;;;;;;;;;;;;;;;;;;;;;;;;;;;;;;;;;;;;;;;;
E06000027;South West;Torbay UA;0,0;0,0;0,0;0,0;0,0;17,8;28,5;46,3;0,0;46,3;46,3;0,5;7,9;57,5;412,7;478,7;525,0;[Note 1] [Note 5];;;;;;;;;;;;;;;;;;;;;;;;;;;;;;;;;;;;;;;;;;;;;;;;;;;;
E06000054;South West;Wiltshire UA ;35,0;0,0;35,0;120,2;5,9;485,5;64,2;675,8;161,1;549,7;710,8;294,3;26,6;2.924,0;719,9;3.964,8;4.675,6;[Note 1] [Note 5];;;;;;;;;;;;;;;;;;;;;;;;;;;;;;;;;;;;;;;;;;;;;;;;;;;;
W06000019;Wales;Blaenau Gwent;0,0;0,0;0,0;10,3;1,7;35,5;17,9;65,4;12,0;53,4;65,4;10,9;7,4;110,3;226,9;355,5;420,9;[Note 1] [Note 5];;;;;;;;;;;;;;;;;;;;;;;;;;;;;;;;;;;;;;;;;;;;;;;;;;;;
W06000013;Wales;Bridgend;17,7;0,0;17,7;0,0;0,0;72,1;29,3;101,4;17,7;101,4;119,1;15,8;13,6;288,5;378,6;696,5;815,6;[Note 1] [Note 5];;;;;;;;;;;;;;;;;;;;;;;;;;;;;;;;;;;;;;;;;;;;;;;;;;;;
W06000018;Wales;Caerphilly;0,0;0,0;0,0;3,8;0,0;69,6;24,8;98,2;3,8;94,4;98,2;30,2;35,4;393,6;460,4;919,7;1.017,9;[Note 1] [Note 5];;;;;;;;;;;;;;;;;;;;;;;;;;;;;;;;;;;;;;;;;;;;;;;;;;;;
W06000015;Wales;Cardiff;17,0;0,0;17,0;6,1;2,5;28,3;60,5;97,4;25,6;88,8;114,4;6,6;21,3;123,4;843,3;994,7;1.109,1;[Note 1] [Note 5];;;;;;;;;;;;;;;;;;;;;;;;;;;;;;;;;;;;;;;;;;;;;;;;;;;;
W06000010;Wales;Carmarthenshire;5,1;0,0;5,1;141,7;6,9;224,1;23,9;396,6;153,7;248,0;401,7;297,1;28,5;2.541,7;304,7;3.171,9;3.573,6;[Note 1] [Note 5];;;;;;;;;;;;;;;;;;;;;;;;;;;;;;;;;;;;;;;;;;;;;;;;;;;;
W06000008;Wales;Ceredigion;0,0;0,0;0,0;106,1;7,9;157,9;1,0;272,9;114,0;158,9;272,9;324,0;1,9;1.616,3;45,1;1.987,3;2.260,2;[Note 1] [Note 5];;;;;;;;;;;;;;;;;;;;;;;;;;;;;;;;;;;;;;;;;;;;;;;;;;;;
W06000003;Wales;Conwy;0,0;0,0;0,0;116,3;5,6;85,8;26,3;234,0;121,9;112,1;234,0;158,6;13,5;943,3;301,0;1.416,4;1.650,4;[Note 1] [Note 5];;;;;;;;;;;;;;;;;;;;;;;;;;;;;;;;;;;;;;;;;;;;;;;;;;;;
W06000004;Wales;Denbighshire;0,0;0,0;0,0;73,0;0,0;119,5;14,9;207,4;73,0;134,4;207,4;134,2;7,0;937,3;155,6;1.234,2;1.441,6;[Note 1] [Note 5];;;;;;;;;;;;;;;;;;;;;;;;;;;;;;;;;;;;;;;;;;;;;;;;;;;;
W06000005;Wales;Flintshire;0,0;0,0;0,0;45,9;4,6;118,2;28,4;197,1;50,5;146,6;197,1;49,7;26,2;668,6;351,3;1.095,7;1.292,8;[Note 1] [Note 5];;;;;;;;;;;;;;;;;;;;;;;;;;;;;;;;;;;;;;;;;;;;;;;;;;;;
W06000002;Wales;Gwynedd;0,0;0,0;0,0;208,4;0,4;312,5;5,7;527,0;208,8;318,2;527,0;201,1;0,2;1.737,7;45,7;1.984,6;2.511,6;[Note 1] [Note 5];;;;;;;;;;;;;;;;;;;;;;;;;;;;;;;;;;;;;;;;;;;;;;;;;;;;
W06000001;Wales;Isle of Anglesey;0,0;0,0;0,0;34,9;0,9;137,3;2,4;175,5;35,8;139,7;175,5;124,2;0,8;875,0;40,6;1.040,6;1.216,1;[Note 1] [Note 5];;;;;;;;;;;;;;;;;;;;;;;;;;;;;;;;;;;;;;;;;;;;;;;;;;;;
W06000024;Wales;Merthyr Tydfil;0,0;0,0;0,0;32,4;3,6;10,8;12,3;59,1;36,0;23,1;59,1;8,0;4,2;95,8;180,1;288,1;347,2;[Note 1] [Note 5];;;;;;;;;;;;;;;;;;;;;;;;;;;;;;;;;;;;;;;;;;;;;;;;;;;;
W06000021;Wales;Monmouthshire;23,1;0,0;23,1;89,0;4,3;53,5;7,9;154,7;116,4;61,4;177,8;137,6;9,5;1.129,8;177,2;1.454,1;1.631,9;[Note 1] [Note 5];;;;;;;;;;;;;;;;;;;;;;;;;;;;;;;;;;;;;;;;;;;;;;;;;;;;
W06000012;Wales;Neath Port Talbot;23,5;0,0;23,5;23,9;3,2;85,1;38,1;150,3;50,6;123,2;173,8;45,3;16,8;294,2;348,7;705,1;878,9;[Note 1] [Note 5];;;;;;;;;;;;;;;;;;;;;;;;;;;;;;;;;;;;;;;;;;;;;;;;;;;;
W06000022;Wales;Newport;26,7;0,0;26,7;7,9;0,2;31,3;18,5;57,9;34,8;49,8;84,6;22,0;25,1;247,3;385,6;680,0;764,6;[Note 1] [Note 5];;;;;;;;;;;;;;;;;;;;;;;;;;;;;;;;;;;;;;;;;;;;;;;;;;;;
W06000009;Wales;Pembrokeshire;0,0;0,0;0,0;110,8;6,2;151,1;3,9;272,0;117,0;155,0;272,0;231,7;6,3;1.992,9;100,4;2.331,3;2.603,3;[Note 1] [Note 5];;;;;;;;;;;;;;;;;;;;;;;;;;;;;;;;;;;;;;;;;;;;;;;;;;;;
W06000023;Wales;Powys;0,0;0,0;0,0;423,7;0,1;233,6;7,5;664,9;423,8;241,1;664,9;591,6;10,8;4.011,0;69,8;4.683,2;5.348,1;[Note 1] [Note 5];;;;;;;;;;;;;;;;;;;;;;;;;;;;;;;;;;;;;;;;;;;;;;;;;;;;
W06000016;Wales;Rhondda Cynon Taf;9,8;0,0;9,8;18,9;10,0;100,4;51,6;180,9;38,7;152,0;190,7;33,8;38,8;421,9;528,5;1.023,1;1.213,8;[Note 1] [Note 5];;;;;;;;;;;;;;;;;;;;;;;;;;;;;;;;;;;;;;;;;;;;;;;;;;;;
W06000011;Wales;Swansea;15,4;0,0;15,4;0,0;0,0;57,7;42,6;100,3;15,4;100,3;115,7;52,8;43,0;336,3;623,9;1.056,1;1.171,8;[Note 1] [Note 5];;;;;;;;;;;;;;;;;;;;;;;;;;;;;;;;;;;;;;;;;;;;;;;;;;;;
W06000014;Wales;The Vale of Glamorgan;3,7;0,0;3,7;0,0;0,0;51,5;19,8;71,3;3,7;71,3;75,0;50,4;10,6;497,8;313,9;872,6;947,6;[Note 1] [Note 5];;;;;;;;;;;;;;;;;;;;;;;;;;;;;;;;;;;;;;;;;;;;;;;;;;;;
W06000020;Wales;Torfaen;0,0;0,0;0,0;9,8;4,1;12,3;10,3;36,5;13,9;22,6;36,5;13,7;5,0;124,3;305,6;448,6;485,1;[Note 1] [Note 5];;;;;;;;;;;;;;;;;;;;;;;;;;;;;;;;;;;;;;;;;;;;;;;;;;;;
W06000006;Wales;Wrexham;0,0;0,0;0,0;28,4;2,0;81,2;18,3;129,9;30,4;99,5;129,9;121,6;26,6;648,6;289,1;1.085,8;1.215,7;[Note 1] [Note 5];;;;;;;;;;;;;;;;;;;;;;;;;;;;;;;;;;;;;;;;;;;;;;;;;;;;
S12000033;Scotland;Aberdeen City;0,0;0,0;0,0;27,7;1,8;18,2;61,2;108,9;29,5;79,4;108,9;12,4;19,8;108,4;816,9;957,5;1.066,4;[Note 2] [Note 5];;;;;;;;;;;;;;;;;;;;;;;;;;;;;;;;;;;;;;;;;;;;;;;;;;;;
S12000034;Scotland;Aberdeenshire;0,0;0,0;0,0;172,9;17,8;642,4;76,8;909,9;190,7;719,2;909,9;734,1;58,4;3.649,6;919,5;5.361,7;6.271,6;[Note 2] [Note 5];;;;;;;;;;;;;;;;;;;;;;;;;;;;;;;;;;;;;;;;;;;;;;;;;;;;
S12000041;Scotland;Angus;0,0;0,0;0,0;46,8;0,0;155,0;40,2;242,0;46,8;195,2;242,0;218,2;18,1;1.080,6;377,8;1.694,6;1.936,6;[Note 2] [Note 5];;;;;;;;;;;;;;;;;;;;;;;;;;;;;;;;;;;;;;;;;;;;;;;;;;;;
S12000035;Scotland;Argyll & Bute;0,0;0,0;0,0;289,4;12,1;444,5;50,6;796,6;301,5;495,1;796,6;586,6;24,3;995,4;296,2;1.902,5;2.699,1;[Note 2] [Note 5];;;;;;;;;;;;;;;;;;;;;;;;;;;;;;;;;;;;;;;;;;;;;;;;;;;;
S12000005;Scotland;Clackmannanshire;0,0;0,0;0,0;2,2;0,0;32,5;15,8;50,5;2,2;48,3;50,5;22,7;11,0;45,1;185,7;264,5;315,0;[Note 2] [Note 5];;;;;;;;;;;;;;;;;;;;;;;;;;;;;;;;;;;;;;;;;;;;;;;;;;;;
S12000006;Scotland;Dumfries and Galloway;60,4;0,0;60,4;267,0;16,6;459,8;41,0;784,4;344,0;500,8;844,8;700,0;32,9;2.640,8;440,2;3.813,9;4.658,7;[Note 2] [Note 5];;;;;;;;;;;;;;;;;;;;;;;;;;;;;;;;;;;;;;;;;;;;;;;;;;;;
S12000042;Scotland;Dundee City;0,0;0,0;0,0;0,8;14,8;1,8;30,4;47,8;15,6;32,2;47,8;1,9;12,2;19,6;538,0;571,7;619,5;[Note 2] [Note 5];;;;;;;;;;;;;;;;;;;;;;;;;;;;;;;;;;;;;;;;;;;;;;;;;;;;
S12000008;Scotland;East Ayrshire;10,7;0,0;10,7;41,4;6,8;107,1;33,1;188,4;58,9;140,2;199,1;147,7;46,0;515,3;430,5;1.139,5;1.338,6;[Note 2] [Note 5];;;;;;;;;;;;;;;;;;;;;;;;;;;;;;;;;;;;;;;;;;;;;;;;;;;;
S12000045;Scotland;East Dunbartonshire;0,0;0,0;0,0;0,0;0,0;31,3;24,1;55,4;0,0;55,4;55,4;26,9;17,9;67,2;390,3;502,3;557,7;[Note 2] [Note 5];;;;;;;;;;;;;;;;;;;;;;;;;;;;;;;;;;;;;;;;;;;;;;;;;;;;
S12000010;Scotland;East Lothian;0,0;0,0;0,0;50,6;0,3;80,6;34,3;165,8;50,9;114,9;165,8;139,4;26,7;456,3;340,8;963,2;1.129,0;[Note 2] [Note 5];;;;;;;;;;;;;;;;;;;;;;;;;;;;;;;;;;;;;;;;;;;;;;;;;;;;
S12000011;Scotland;East Renfrewshire;11,9;0,0;11,9;6,3;0,0;14,3;16,8;37,4;18,2;31,1;49,3;20,4;15,1;115,3;332,3;483,1;532,4;[Note 2] [Note 5];;;;;;;;;;;;;;;;;;;;;;;;;;;;;;;;;;;;;;;;;;;;;;;;;;;;
S12000036;Scotland;Edinburgh, City of;22,1;0,0;22,1;14,2;7,5;23,7;106,9;152,3;43,8;130,6;174,4;13,4;39,8;100,3;1.260,4;1.413,9;1.588,3;[Note 2] [Note 5];;;;;;;;;;;;;;;;;;;;;;;;;;;;;;;;;;;;;;;;;;;;;;;;;;;;
S12000013;Scotland;Eilean Siar;0,0;0,0;0,0;0,0;0,0;318,4;8,0;326,4;0,0;326,4;326,4;156,3;4,4;735,9;51,4;948,0;1.274,4;[Note 2] [Note 5];;;;;;;;;;;;;;;;;;;;;;;;;;;;;;;;;;;;;;;;;;;;;;;;;;;;
S12000014;Scotland;Falkirk;38,6;0,0;38,6;2,6;0,0;52,0;56,6;111,2;41,2;108,6;149,8;58,4;36,5;192,4;539,8;827,1;976,9;[Note 2] [Note 5];;;;;;;;;;;;;;;;;;;;;;;;;;;;;;;;;;;;;;;;;;;;;;;;;;;;
S12000047;Scotland;Fife;23,2;0,0;23,2;79,8;13,4;216,5;97,5;407,2;116,4;314,0;430,4;220,3;95,2;710,9;1.354,0;2.380,3;2.810,7;[Note 2] [Note 5];;;;;;;;;;;;;;;;;;;;;;;;;;;;;;;;;;;;;;;;;;;;;;;;;;;;
S12000049;Scotland;Glasgow City;57,9;0,0;57,9;2,5;0,1;7,6;120,3;130,5;60,5;127,9;188,4;7,5;54,3;27,7;1.650,7;1.740,1;1.928,5;[Note 2] [Note 5];;;;;;;;;;;;;;;;;;;;;;;;;;;;;;;;;;;;;;;;;;;;;;;;;;;;
S12000017;Scotland;Highland;0,0;0,0;0,0;901,2;59,7;1.348,5;44,0;2.353,4;960,9;1.392,5;2.353,4;910,9;56,3;3.784,7;904,9;5.656,8;8.010,2;[Note 2] [Note 5];;;;;;;;;;;;;;;;;;;;;;;;;;;;;;;;;;;;;;;;;;;;;;;;;;;;
S12000018;Scotland;Inverclyde;0,0;0,0;0,0;10,2;14,9;8,3;14,6;48,0;25,1;22,9;48,0;16,7;5,9;63,8;287,9;374,2;422,2;[Note 2] [Note 5];;;;;;;;;;;;;;;;;;;;;;;;;;;;;;;;;;;;;;;;;;;;;;;;;;;;
S12000019;Scotland;Midlothian;0,0;0,0;0,0;33,6;1,0;58,3;23,4;116,3;34,6;81,7;116,3;61,9;22,3;219,6;291,6;595,4;711,7;[Note 2] [Note 5];;;;;;;;;;;;;;;;;;;;;;;;;;;;;;;;;;;;;;;;;;;;;;;;;;;;
S12000020;Scotland;Moray;0,0;0,0;0,0;86,5;12,1;136,7;21,9;257,2;98,6;158,6;257,2;269,6;24,1;859,0;367,3;1.520,0;1.777,2;[Note 2] [Note 5];;;;;;;;;;;;;;;;;;;;;;;;;;;;;;;;;;;;;;;;;;;;;;;;;;;;
S12000021;Scotland;North Ayrshire;0,0;0,0;0,0;40,6;24,7;69,0;24,1;158,4;65,3;93,1;158,4;109,1;47,9;333,6;514,5;1.005,1;1.163,5;[Note 2] [Note 5];;;;;;;;;;;;;;;;;;;;;;;;;;;;;;;;;;;;;;;;;;;;;;;;;;;;
S12000050;Scotland;North Lanarkshire;55,6;0,0;55,6;13,2;4,6;61,2;76,8;155,8;73,4;138,0;211,4;65,2;73,9;276,5;1.147,3;1.563,0;1.774,4;[Note 2] [Note 5];;;;;;;;;;;;;;;;;;;;;;;;;;;;;;;;;;;;;;;;;;;;;;;;;;;;
S12000023;Scotland;Orkney Islands;0,0;0,0;0,0;0,0;0,0;152,3;11,8;164,1;0,0;164,1;164,1;208,1;0,8;609,8;61,3;880,0;1.044,1;[Note 2] [Note 5];;;;;;;;;;;;;;;;;;;;;;;;;;;;;;;;;;;;;;;;;;;;;;;;;;;;
S12000048;Scotland;Perth and Kinross;42,3;0,0;42,3;182,9;14,7;367,4;58,6;623,6;239,9;426,0;665,9;328,6;20,8;1.383,4;512,0;2.244,8;2.910,7;[Note 2] [Note 5];;;;;;;;;;;;;;;;;;;;;;;;;;;;;;;;;;;;;;;;;;;;;;;;;;;;
S12000038;Scotland;Renfrewshire;23,9;0,0;23,9;15,0;7,1;21,3;40,4;83,8;46,0;61,7;107,7;35,9;26,7;161,2;657,8;881,7;989,4;[Note 2] [Note 5];;;;;;;;;;;;;;;;;;;;;;;;;;;;;;;;;;;;;;;;;;;;;;;;;;;;
S12000026;Scotland;Scottish Borders;0,0;0,0;0,0;144,7;16,6;422,9;38,4;622,6;161,3;461,3;622,6;566,6;36,8;1.676,9;356,4;2.636,7;3.259,3;[Note 2] [Note 5];;;;;;;;;;;;;;;;;;;;;;;;;;;;;;;;;;;;;;;;;;;;;;;;;;;;
S12000027;Scotland;Shetland Islands;0,0;0,0;0,0;0,0;0,0;212,9;11,9;224,8;0,0;224,8;224,8;152,4;2,6;597,4;56,3;808,8;1.033,6;[Note 2] [Note 5];;;;;;;;;;;;;;;;;;;;;;;;;;;;;;;;;;;;;;;;;;;;;;;;;;;;
S12000028;Scotland;South Ayrshire;0,0;0,0;0,0;86,0;8,7;78,7;29,7;203,1;94,7;108,4;203,1;181,5;28,5;510,9;401,9;1.122,9;1.326,0;[Note 2] [Note 5];;;;;;;;;;;;;;;;;;;;;;;;;;;;;;;;;;;;;;;;;;;;;;;;;;;;
S12000029;Scotland;South Lanarkshire;73,1;0,0;73,1;35,6;14,7;189,7;69,7;309,7;123,4;259,4;382,8;169,0;52,6;821,3;1.145,3;2.188,2;2.571,0;[Note 2] [Note 5];;;;;;;;;;;;;;;;;;;;;;;;;;;;;;;;;;;;;;;;;;;;;;;;;;;;
S12000030;Scotland;Stirling;22,8;0,0;22,8;102,9;4,4;166,5;42,0;315,8;130,1;208,5;338,6;133,2;25,2;387,3;311,6;857,3;1.195,9;[Note 2] [Note 5];;;;;;;;;;;;;;;;;;;;;;;;;;;;;;;;;;;;;;;;;;;;;;;;;;;;
S12000039;Scotland;West Dunbartonshire;0,0;0,0;0,0;11,4;8,6;13,9;31,4;65,3;20,0;45,3;65,3;0,3;8,6;46,6;306,2;361,6;426,9;[Note 2] [Note 5];;;;;;;;;;;;;;;;;;;;;;;;;;;;;;;;;;;;;;;;;;;;;;;;;;;;
S12000040;Scotland;West Lothian;37,5;0,0;37,5;0,0;0,0;91,6;55,4;147,0;37,5;147,0;184,5;69,4;46,2;238,6;672,3;1.026,5;1.211,0;[Note 2] [Note 5];;;;;;;;;;;;;;;;;;;;;;;;;;;;;;;;;;;;;;;;;;;;;;;;;;;;
