Road length which is dual carriageway (kilometres) by road type and local authority in Great Britain, 2023;;;;;;;;;;;;;;;;;;;;;;;;;;;;;;;;;;;;;;;;;;;;;;;;;;;;;;;;;;;;;;;;;;;;;;;;;;;;
Table RDL0202b;;;;;;;;;;;;;;;;;;;;;;;;;;;;;;;;;;;;;;;;;;;;;;;;;;;;;;;;;;;;;;;;;;;;;;;;;;;;
Department for Transport statistics;;;;;;;;;;;;;;;;;;;;;;;;;;;;;;;;;;;;;;;;;;;;;;;;;;;;;;;;;;;;;;;;;;;;;;;;;;;;
Road lengths statistics;;;;;;;;;;;;;;;;;;;;;;;;;;;;;;;;;;;;;;;;;;;;;;;;;;;;;;;;;;;;;;;;;;;;;;;;;;;;
Notes are used throughout this table, please see the notes tab to find the related notes text;;;;;;;;;;;;;;;;;;;;;;;;;;;;;;;;;;;;;;;;;;;;;;;;;;;;;;;;;;;;;;;;;;;;;;;;;;;;
Shorthand is used in this table. [-] denotes that there are no notes related to this row;;;;;;;;;;;;;;;;;;;;;;;;;;;;;;;;;;;;;;;;;;;;;;;;;;;;;;;;;;;;;;;;;;;;;;;;;;;;
Values in this table may not sum due to rounding;;;;;;;;;;;;;;;;;;;;;;;;;;;;;;;;;;;;;;;;;;;;;;;;;;;;;;;;;;;;;;;;;;;;;;;;;;;;
"ONS Area 
Code";Region;Local Authority;Trunk motorways;Principal motorways;All motorways;Trunk rural 'A' roads;Trunk urban 'A' roads;Principal rural 'A' roads;Principal urban 'A' roads;All 'A' roads;All trunk;All principal;Total dual carriageway;Notes;;;;;;;;;;;;;;;;;;;;;;;;;;;;;;;;;;;;;;;;;;;;;;;;;;;;;;;;;;;;;;
E06000047;North East;County Durham UA;36,8;0,0;36,8;36,3;0,3;35,5;7,1;79,2;73,4;42,6;116,0;[Note 1] [Note 5];;;;;;;;;;;;;;;;;;;;;;;;;;;;;;;;;;;;;;;;;;;;;;;;;;;;;;;;;;;;;;
E06000005;North East;Darlington UA;9,5;0,0;9,5;3,9;0,0;5,7;2,8;12,4;13,4;8,5;21,9;[Note 1] [Note 5];;;;;;;;;;;;;;;;;;;;;;;;;;;;;;;;;;;;;;;;;;;;;;;;;;;;;;;;;;;;;;
E08000037;North East;Gateshead;5,3;0,0;5,3;8,1;4,6;7,3;12,8;32,8;18,0;20,1;38,1;[Note 1] [Note 5];;;;;;;;;;;;;;;;;;;;;;;;;;;;;;;;;;;;;;;;;;;;;;;;;;;;;;;;;;;;;;
E06000001;North East;Hartlepool UA;0,0;0,0;0,0;7,2;0,0;10,0;8,3;25,5;7,2;18,3;25,5;[Note 1] [Note 5];;;;;;;;;;;;;;;;;;;;;;;;;;;;;;;;;;;;;;;;;;;;;;;;;;;;;;;;;;;;;;
E06000002;North East;Middlesbrough UA;0,0;0,0;0,0;8,8;4,2;3,5;8,2;24,7;13,0;11,7;24,7;[Note 1] [Note 5];;;;;;;;;;;;;;;;;;;;;;;;;;;;;;;;;;;;;;;;;;;;;;;;;;;;;;;;;;;;;;
E08000021;North East;Newcastle upon Tyne;0,0;2,1;2,1;14,7;6,7;1,8;17,8;41,0;21,4;21,7;43,1;[Note 1] [Note 5];;;;;;;;;;;;;;;;;;;;;;;;;;;;;;;;;;;;;;;;;;;;;;;;;;;;;;;;;;;;;;
E08000022;North East;North Tyneside;0,0;0,0;0,0;10,6;1,0;14,9;11,4;37,9;11,6;26,3;37,9;[Note 1] [Note 3] [Note 5];;;;;;;;;;;;;;;;;;;;;;;;;;;;;;;;;;;;;;;;;;;;;;;;;;;;;;;;;;;;;;
E06000057;North East;Northumberland UA ;0,0;0,0;0,0;73,5;0,7;31,1;5,2;110,5;74,2;36,3;110,5;[Note 1] [Note 5];;;;;;;;;;;;;;;;;;;;;;;;;;;;;;;;;;;;;;;;;;;;;;;;;;;;;;;;;;;;;;
E06000003;North East;Redcar and Cleveland UA;0,0;0,0;0,0;5,1;2,6;19,3;2,9;29,9;7,7;22,2;29,9;[Note 1] [Note 3] [Note 5];;;;;;;;;;;;;;;;;;;;;;;;;;;;;;;;;;;;;;;;;;;;;;;;;;;;;;;;;;;;;;
E08000023;North East;South Tyneside;0,1;0,0;0,1;7,3;1,2;7,4;12,3;28,2;8,6;19,7;28,3;[Note 1] [Note 5];;;;;;;;;;;;;;;;;;;;;;;;;;;;;;;;;;;;;;;;;;;;;;;;;;;;;;;;;;;;;;
E06000004;North East;Stockton-on-Tees UA;0,0;0,0;0,0;24,6;2,9;12,1;7,0;46,6;27,5;19,1;46,6;[Note 1] [Note 5];;;;;;;;;;;;;;;;;;;;;;;;;;;;;;;;;;;;;;;;;;;;;;;;;;;;;;;;;;;;;;
E08000024;North East;Sunderland;3,9;0,0;3,9;12,4;0,5;18,5;22,9;54,3;16,8;41,4;58,2;[Note 1] [Note 5];;;;;;;;;;;;;;;;;;;;;;;;;;;;;;;;;;;;;;;;;;;;;;;;;;;;;;;;;;;;;;
E06000008;North West;Blackburn with Darwen UA;8,0;0,0;8,0;0,0;0,0;2,5;8,7;11,2;8,0;11,2;19,2;[Note 1] [Note 5];;;;;;;;;;;;;;;;;;;;;;;;;;;;;;;;;;;;;;;;;;;;;;;;;;;;;;;;;;;;;;
E06000009;North West;Blackpool UA;0,4;0,0;0,4;0,0;0,0;1,5;11,2;12,7;0,4;12,7;13,1;[Note 1] [Note 5];;;;;;;;;;;;;;;;;;;;;;;;;;;;;;;;;;;;;;;;;;;;;;;;;;;;;;;;;;;;;;
E08000001;North West;Bolton;17,2;0,0;17,2;0,0;0,0;6,6;13,1;19,7;17,2;19,7;36,9;[Note 1] [Note 5];;;;;;;;;;;;;;;;;;;;;;;;;;;;;;;;;;;;;;;;;;;;;;;;;;;;;;;;;;;;;;
E08000002;North West;Bury;21,1;0,0;21,1;0,0;0,0;0,4;5,7;6,1;21,1;6,1;27,2;[Note 1] [Note 5];;;;;;;;;;;;;;;;;;;;;;;;;;;;;;;;;;;;;;;;;;;;;;;;;;;;;;;;;;;;;;
E06000049;North West;Cheshire East UA;47,3;0,0;47,3;7,0;0,0;19,1;9,3;35,4;54,3;28,4;82,7;[Note 1] [Note 5];;;;;;;;;;;;;;;;;;;;;;;;;;;;;;;;;;;;;;;;;;;;;;;;;;;;;;;;;;;;;;
E06000050;North West;Cheshire West and Chester UA;40,2;0,0;40,2;24,1;1,2;31,9;18,2;75,4;65,5;50,1;115,6;[Note 1] [Note 5];;;;;;;;;;;;;;;;;;;;;;;;;;;;;;;;;;;;;;;;;;;;;;;;;;;;;;;;;;;;;;
E06000063;North West;Cumberland;24,6;0,0;24,6;6,0;0,3;4,8;2,0;13,1;30,9;6,8;37,7;[Note 1] [Note 4] [Note 5];;;;;;;;;;;;;;;;;;;;;;;;;;;;;;;;;;;;;;;;;;;;;;;;;;;;;;;;;;;;;;
E06000006;North West;Halton UA;6,4;0,0;6,4;0,0;0,0;19,8;18,5;38,3;6,4;38,3;44,7;[Note 1] [Note 5];;;;;;;;;;;;;;;;;;;;;;;;;;;;;;;;;;;;;;;;;;;;;;;;;;;;;;;;;;;;;;
E08000011;North West;Knowsley ;17,1;4,6;21,7;0,0;0,0;20,0;10,5;30,5;17,1;35,1;52,2;[Note 1] [Note 5];;;;;;;;;;;;;;;;;;;;;;;;;;;;;;;;;;;;;;;;;;;;;;;;;;;;;;;;;;;;;;
E10000017;North West;Lancashire ;151,8;10,6;162,4;13,2;4,5;61,5;36,8;116,0;169,5;108,9;278,4;[Note 1] [Note 5];;;;;;;;;;;;;;;;;;;;;;;;;;;;;;;;;;;;;;;;;;;;;;;;;;;;;;;;;;;;;;
E08000012;North West;Liverpool;0,0;1,0;1,0;0,0;0,0;1,9;63,1;65,0;0,0;66,0;66,0;[Note 1] [Note 5];;;;;;;;;;;;;;;;;;;;;;;;;;;;;;;;;;;;;;;;;;;;;;;;;;;;;;;;;;;;;;
E08000003;North West;Manchester;15,6;3,3;18,9;0,7;1,4;2,5;37,4;42,0;17,7;43,2;60,9;[Note 1] [Note 5];;;;;;;;;;;;;;;;;;;;;;;;;;;;;;;;;;;;;;;;;;;;;;;;;;;;;;;;;;;;;;
E08000004;North West;Oldham ;8,3;0,0;8,3;0,1;2,3;0,6;12,9;15,9;10,7;13,5;24,2;[Note 1] [Note 5];;;;;;;;;;;;;;;;;;;;;;;;;;;;;;;;;;;;;;;;;;;;;;;;;;;;;;;;;;;;;;
E08000005;North West;Rochdale;24,9;0,0;24,9;0,0;0,0;3,1;10,1;13,2;24,9;13,2;38,1;[Note 1] [Note 5];;;;;;;;;;;;;;;;;;;;;;;;;;;;;;;;;;;;;;;;;;;;;;;;;;;;;;;;;;;;;;
E08000006;North West;Salford;28,0;0,0;28,0;0,0;0,0;5,4;20,8;26,2;28,0;26,2;54,2;[Note 1] [Note 5];;;;;;;;;;;;;;;;;;;;;;;;;;;;;;;;;;;;;;;;;;;;;;;;;;;;;;;;;;;;;;
E08000014;North West;Sefton;8,2;0,0;8,2;0,4;5,4;8,5;17,5;31,8;14,0;26,0;40,0;[Note 1] [Note 5];;;;;;;;;;;;;;;;;;;;;;;;;;;;;;;;;;;;;;;;;;;;;;;;;;;;;;;;;;;;;;
E08000013;North West;St. Helens;14,0;0,0;14,0;0,0;0,0;22,0;8,1;30,1;14,0;30,1;44,1;[Note 1] [Note 5];;;;;;;;;;;;;;;;;;;;;;;;;;;;;;;;;;;;;;;;;;;;;;;;;;;;;;;;;;;;;;
E08000007;North West;Stockport;12,9;0,0;12,9;0,0;0,0;9,7;11,4;21,1;12,9;21,1;34,0;[Note 1] [Note 5];;;;;;;;;;;;;;;;;;;;;;;;;;;;;;;;;;;;;;;;;;;;;;;;;;;;;;;;;;;;;;
E08000008;North West;Tameside;15,3;0,0;15,3;0,1;0,1;0,4;10,4;11,0;15,5;10,8;26,3;[Note 1] [Note 5];;;;;;;;;;;;;;;;;;;;;;;;;;;;;;;;;;;;;;;;;;;;;;;;;;;;;;;;;;;;;;
E08000009;North West;Trafford;9,6;0,0;9,6;0,0;0,0;1,0;14,4;15,4;9,6;15,4;25,0;[Note 1] [Note 5];;;;;;;;;;;;;;;;;;;;;;;;;;;;;;;;;;;;;;;;;;;;;;;;;;;;;;;;;;;;;;
E06000007;North West;Warrington UA;33,7;0,0;33,7;0,0;0,0;13,3;15,2;28,5;33,7;28,5;62,2;[Note 1] [Note 5];;;;;;;;;;;;;;;;;;;;;;;;;;;;;;;;;;;;;;;;;;;;;;;;;;;;;;;;;;;;;;
E06000064;North West;Westmorland and Furness;82,5;0,0;82,5;54,2;1,7;14,4;1,8;72,1;138,4;16,2;154,6;[Note 1] [Note 4] [Note 5];;;;;;;;;;;;;;;;;;;;;;;;;;;;;;;;;;;;;;;;;;;;;;;;;;;;;;;;;;;;;;
E08000010;North West;Wigan;18,8;0,0;18,8;0,0;0,0;13,5;8,0;21,5;18,8;21,5;40,3;[Note 1] [Note 5];;;;;;;;;;;;;;;;;;;;;;;;;;;;;;;;;;;;;;;;;;;;;;;;;;;;;;;;;;;;;;
E08000015;North West;Wirral;20,0;0,0;20,0;0,0;0,0;10,3;18,8;29,1;20,0;29,1;49,1;[Note 1] [Note 5];;;;;;;;;;;;;;;;;;;;;;;;;;;;;;;;;;;;;;;;;;;;;;;;;;;;;;;;;;;;;;
E08000016;Yorkshire and The Humber;Barnsley;17,3;0,0;17,3;0,9;0,0;11,2;6,1;18,2;18,2;17,3;35,5;[Note 1] [Note 5];;;;;;;;;;;;;;;;;;;;;;;;;;;;;;;;;;;;;;;;;;;;;;;;;;;;;;;;;;;;;;
E08000032;Yorkshire and The Humber;Bradford;2,7;0,0;2,7;0,0;0,0;11,8;27,2;39,0;2,7;39,0;41,7;[Note 1] [Note 5];;;;;;;;;;;;;;;;;;;;;;;;;;;;;;;;;;;;;;;;;;;;;;;;;;;;;;;;;;;;;;
E08000033;Yorkshire and The Humber;Calderdale;12,3;0,0;12,3;0,0;0,0;4,0;10,9;14,9;12,3;14,9;27,2;[Note 1] [Note 5];;;;;;;;;;;;;;;;;;;;;;;;;;;;;;;;;;;;;;;;;;;;;;;;;;;;;;;;;;;;;;
E08000017;Yorkshire and The Humber;Doncaster;61,3;0,0;61,3;4,0;0,4;11,6;22,3;38,3;65,7;33,9;99,6;[Note 1] [Note 5];;;;;;;;;;;;;;;;;;;;;;;;;;;;;;;;;;;;;;;;;;;;;;;;;;;;;;;;;;;;;;
E06000011;Yorkshire and The Humber;East Riding of Yorkshire UA;34,9;0,0;34,9;15,0;3,6;19,7;4,1;42,4;53,5;23,8;77,3;[Note 1] [Note 5];;;;;;;;;;;;;;;;;;;;;;;;;;;;;;;;;;;;;;;;;;;;;;;;;;;;;;;;;;;;;;
E06000010;Yorkshire and The Humber;Kingston upon Hull, City of UA;0,0;0,0;0,0;2,6;7,8;0,8;17,0;28,2;10,4;17,8;28,2;[Note 1] [Note 5];;;;;;;;;;;;;;;;;;;;;;;;;;;;;;;;;;;;;;;;;;;;;;;;;;;;;;;;;;;;;;
E08000034;Yorkshire and The Humber;Kirklees ;22,2;0,0;22,2;0,0;0,0;3,0;18,7;21,7;22,2;21,7;43,9;[Note 1] [Note 5];;;;;;;;;;;;;;;;;;;;;;;;;;;;;;;;;;;;;;;;;;;;;;;;;;;;;;;;;;;;;;
E08000035;Yorkshire and The Humber;Leeds;70,8;3,5;74,3;0,1;0,5;27,7;66,0;94,3;71,4;97,2;168,6;[Note 1] [Note 5];;;;;;;;;;;;;;;;;;;;;;;;;;;;;;;;;;;;;;;;;;;;;;;;;;;;;;;;;;;;;;
E06000012;Yorkshire and The Humber;North East Lincolnshire UA;0,0;0,0;0,0;12,1;0,9;6,5;5,3;24,8;13,0;11,8;24,8;[Note 1] [Note 5];;;;;;;;;;;;;;;;;;;;;;;;;;;;;;;;;;;;;;;;;;;;;;;;;;;;;;;;;;;;;;
E06000013;Yorkshire and The Humber;North Lincolnshire UA;39,0;0,0;39,0;9,2;1,9;20,8;4,4;36,3;50,1;25,2;75,3;[Note 1] [Note 5];;;;;;;;;;;;;;;;;;;;;;;;;;;;;;;;;;;;;;;;;;;;;;;;;;;;;;;;;;;;;;
E06000065;Yorkshire and The Humber;North Yorkshire ;92,0;0,0;92,0;78,9;0,1;17,0;3,5;99,5;171,0;20,5;191,5;[Note 1] [Note 5];;;;;;;;;;;;;;;;;;;;;;;;;;;;;;;;;;;;;;;;;;;;;;;;;;;;;;;;;;;;;;
E08000018;Yorkshire and The Humber;Rotherham ;27,1;0,0;27,1;0,0;0,0;9,6;16,1;25,7;27,1;25,7;52,8;[Note 1] [Note 5];;;;;;;;;;;;;;;;;;;;;;;;;;;;;;;;;;;;;;;;;;;;;;;;;;;;;;;;;;;;;;
E08000019;Yorkshire and The Humber;Sheffield;10,3;0,0;10,3;0,4;1,2;5,5;37,7;44,8;11,9;43,2;55,1;[Note 1] [Note 5];;;;;;;;;;;;;;;;;;;;;;;;;;;;;;;;;;;;;;;;;;;;;;;;;;;;;;;;;;;;;;
E08000036;Yorkshire and The Humber;Wakefield;36,0;0,0;36,0;10,3;0,0;9,0;16,8;36,1;46,3;25,8;72,1;[Note 1] [Note 5];;;;;;;;;;;;;;;;;;;;;;;;;;;;;;;;;;;;;;;;;;;;;;;;;;;;;;;;;;;;;;
E06000014;Yorkshire and The Humber;York UA;0,0;0,0;0,0;18,4;0,0;4,8;3,0;26,2;18,4;7,8;26,2;[Note 1] [Note 5];;;;;;;;;;;;;;;;;;;;;;;;;;;;;;;;;;;;;;;;;;;;;;;;;;;;;;;;;;;;;;
E06000015;East Midlands;Derby UA;0,0;0,0;0,0;9,8;7,0;3,2;12,5;32,5;16,8;15,7;32,5;[Note 1] [Note 3] [Note 5];;;;;;;;;;;;;;;;;;;;;;;;;;;;;;;;;;;;;;;;;;;;;;;;;;;;;;;;;;;;;;
E10000007;East Midlands;Derbyshire ;37,0;0,0;37,0;75,1;2,8;35,2;12,6;125,7;114,9;47,8;162,7;[Note 1] [Note 5];;;;;;;;;;;;;;;;;;;;;;;;;;;;;;;;;;;;;;;;;;;;;;;;;;;;;;;;;;;;;;
E06000016;East Midlands;Leicester UA;0,0;0,0;0,0;3,4;0,0;4,0;23,7;31,1;3,4;27,7;31,1;[Note 1] [Note 5];;;;;;;;;;;;;;;;;;;;;;;;;;;;;;;;;;;;;;;;;;;;;;;;;;;;;;;;;;;;;;
E10000018;East Midlands;Leicestershire ;81,4;0,0;81,4;59,5;0,3;46,8;21,3;127,9;141,2;68,1;209,3;[Note 1] [Note 5];;;;;;;;;;;;;;;;;;;;;;;;;;;;;;;;;;;;;;;;;;;;;;;;;;;;;;;;;;;;;;
E10000019;East Midlands;Lincolnshire;0,0;0,0;0,0;39,0;0,7;21,0;8,2;68,9;39,7;29,2;68,9;[Note 1] [Note 5];;;;;;;;;;;;;;;;;;;;;;;;;;;;;;;;;;;;;;;;;;;;;;;;;;;;;;;;;;;;;;
E06000061;East Midlands;North Northamptonshire;0,0;0,0;0,0;49,6;1,7;30,7;7,4;89,4;51,3;38,1;89,4;[Note 1] [Note 5];;;;;;;;;;;;;;;;;;;;;;;;;;;;;;;;;;;;;;;;;;;;;;;;;;;;;;;;;;;;;;
E06000018;East Midlands;Nottingham UA;0,3;0,0;0,3;2,2;4,1;0,6;17,9;24,8;6,6;18,5;25,1;[Note 1] [Note 5];;;;;;;;;;;;;;;;;;;;;;;;;;;;;;;;;;;;;;;;;;;;;;;;;;;;;;;;;;;;;;
E10000024;East Midlands;Nottinghamshire ;22,9;0,0;22,9;91,8;7,6;40,1;16,2;155,7;122,3;56,3;178,6;[Note 1] [Note 5];;;;;;;;;;;;;;;;;;;;;;;;;;;;;;;;;;;;;;;;;;;;;;;;;;;;;;;;;;;;;;
E06000017;East Midlands;Rutland UA;0,0;0,0;0,0;16,6;0,4;0,2;0,0;17,2;17,0;0,2;17,2;[Note 1] [Note 5];;;;;;;;;;;;;;;;;;;;;;;;;;;;;;;;;;;;;;;;;;;;;;;;;;;;;;;;;;;;;;
E06000062;East Midlands;West Northamptonshire;54,4;0,0;54,4;64,0;3,8;16,6;17,5;101,9;122,2;34,1;156,3;[Note 1] [Note 5];;;;;;;;;;;;;;;;;;;;;;;;;;;;;;;;;;;;;;;;;;;;;;;;;;;;;;;;;;;;;;
E08000025;West Midlands;Birmingham;21,6;3,1;24,7;0,0;0,0;8,3;91,4;99,7;21,6;102,8;124,4;[Note 1] [Note 5];;;;;;;;;;;;;;;;;;;;;;;;;;;;;;;;;;;;;;;;;;;;;;;;;;;;;;;;;;;;;;
E08000026;West Midlands;Coventry;3,5;0,0;3,5;3,1;0,9;8,1;23,8;35,9;7,5;31,9;39,4;[Note 1] [Note 5];;;;;;;;;;;;;;;;;;;;;;;;;;;;;;;;;;;;;;;;;;;;;;;;;;;;;;;;;;;;;;
E08000027;West Midlands;Dudley ;5,5;0,0;5,5;0,0;0,0;3,1;25,4;28,5;5,5;28,5;34,0;[Note 1] [Note 5];;;;;;;;;;;;;;;;;;;;;;;;;;;;;;;;;;;;;;;;;;;;;;;;;;;;;;;;;;;;;;
E06000019;West Midlands;Herefordshire, County of UA;7,5;0,0;7,5;16,2;2,7;1,0;1,4;21,3;26,4;2,4;28,8;[Note 1] [Note 5];;;;;;;;;;;;;;;;;;;;;;;;;;;;;;;;;;;;;;;;;;;;;;;;;;;;;;;;;;;;;;
E08000028;West Midlands;Sandwell ;18,1;0,0;18,1;0,0;0,5;3,8;42,3;46,6;18,6;46,1;64,7;[Note 1] [Note 5];;;;;;;;;;;;;;;;;;;;;;;;;;;;;;;;;;;;;;;;;;;;;;;;;;;;;;;;;;;;;;
E06000051;West Midlands;Shropshire UA;12,4;0,0;12,4;24,3;0,1;7,8;0,7;32,9;36,8;8,5;45,3;[Note 1] [Note 5];;;;;;;;;;;;;;;;;;;;;;;;;;;;;;;;;;;;;;;;;;;;;;;;;;;;;;;;;;;;;;
E08000029;West Midlands;Solihull;19,8;0,0;19,8;3,4;0,5;23,1;5,5;32,5;23,7;28,6;52,3;[Note 1] [Note 5];;;;;;;;;;;;;;;;;;;;;;;;;;;;;;;;;;;;;;;;;;;;;;;;;;;;;;;;;;;;;;
E10000028;West Midlands;Staffordshire ;96,8;0,0;96,8;74,8;12,3;41,9;22,6;151,6;183,9;64,5;248,4;[Note 1] [Note 5];;;;;;;;;;;;;;;;;;;;;;;;;;;;;;;;;;;;;;;;;;;;;;;;;;;;;;;;;;;;;;
E06000021;West Midlands;Stoke-on-Trent UA;0,0;0,0;0,0;4,6;10,5;2,7;11,1;28,9;15,1;13,8;28,9;[Note 1] [Note 5];;;;;;;;;;;;;;;;;;;;;;;;;;;;;;;;;;;;;;;;;;;;;;;;;;;;;;;;;;;;;;
E06000020;West Midlands;Telford and Wrekin UA;6,4;0,0;6,4;4,4;0,0;14,1;5,5;24,0;10,8;19,6;30,4;[Note 1] [Note 3] [Note 5];;;;;;;;;;;;;;;;;;;;;;;;;;;;;;;;;;;;;;;;;;;;;;;;;;;;;;;;;;;;;;
E08000030;West Midlands;Walsall;8,9;0,0;8,9;1,9;0,9;1,9;12,0;16,7;11,7;13,9;25,6;[Note 1] [Note 5];;;;;;;;;;;;;;;;;;;;;;;;;;;;;;;;;;;;;;;;;;;;;;;;;;;;;;;;;;;;;;
E10000031;West Midlands;Warwickshire;140,9;0,0;140,9;58,7;3,5;30,6;5,6;98,4;203,1;36,2;239,3;[Note 1] [Note 5];;;;;;;;;;;;;;;;;;;;;;;;;;;;;;;;;;;;;;;;;;;;;;;;;;;;;;;;;;;;;;
E08000031;West Midlands;Wolverhampton;0,0;0,0;0,0;0,0;0,0;0,3;25,5;25,8;0,0;25,8;25,8;[Note 1] [Note 5];;;;;;;;;;;;;;;;;;;;;;;;;;;;;;;;;;;;;;;;;;;;;;;;;;;;;;;;;;;;;;
E10000034;West Midlands;Worcestershire ;77,3;0,0;77,3;5,7;0,0;80,0;22,7;108,4;83,0;102,7;185,7;[Note 1] [Note 5];;;;;;;;;;;;;;;;;;;;;;;;;;;;;;;;;;;;;;;;;;;;;;;;;;;;;;;;;;;;;;
E06000055;East of England;Bedford UA ;0,0;0,0;0,0;20,8;1,4;4,4;2,7;29,3;22,2;7,1;29,3;[Note 1] [Note 5];;;;;;;;;;;;;;;;;;;;;;;;;;;;;;;;;;;;;;;;;;;;;;;;;;;;;;;;;;;;;;
E10000003;East of England;Cambridgeshire ;47,5;0,0;47,5;132,7;1,8;38,8;10,2;183,5;182,0;49,0;231,0;[Note 1] [Note 5];;;;;;;;;;;;;;;;;;;;;;;;;;;;;;;;;;;;;;;;;;;;;;;;;;;;;;;;;;;;;;
E06000056;East of England;Central Bedfordshire UA ;25,4;0,0;25,4;32,6;3,3;14,5;3,9;54,3;61,3;18,4;79,7;[Note 1] [Note 5];;;;;;;;;;;;;;;;;;;;;;;;;;;;;;;;;;;;;;;;;;;;;;;;;;;;;;;;;;;;;;
E10000012;East of England;Essex ;77,3;0,0;77,3;111,0;6,1;84,3;38,0;239,4;194,4;122,3;316,7;[Note 1] [Note 5];;;;;;;;;;;;;;;;;;;;;;;;;;;;;;;;;;;;;;;;;;;;;;;;;;;;;;;;;;;;;;
E10000015;East of England;Hertfordshire;101,7;0,0;101,7;11,7;0,4;134,9;51,6;198,6;113,8;186,5;300,3;[Note 1] [Note 5];;;;;;;;;;;;;;;;;;;;;;;;;;;;;;;;;;;;;;;;;;;;;;;;;;;;;;;;;;;;;;
E06000032;East of England;Luton UA;2,6;0,0;2,6;0,0;0,0;1,1;7,9;9,0;2,6;9,0;11,6;[Note 1] [Note 5];;;;;;;;;;;;;;;;;;;;;;;;;;;;;;;;;;;;;;;;;;;;;;;;;;;;;;;;;;;;;;
E10000020;East of England;Norfolk;0,0;0,0;0,0;100,4;7,6;35,2;12,8;156,0;108,0;48,0;156,0;[Note 1] [Note 5];;;;;;;;;;;;;;;;;;;;;;;;;;;;;;;;;;;;;;;;;;;;;;;;;;;;;;;;;;;;;;
E06000031;East of England;Peterborough UA;0,0;0,0;0,0;22,7;4,9;23,0;13,9;64,5;27,6;36,9;64,5;[Note 1] [Note 5];;;;;;;;;;;;;;;;;;;;;;;;;;;;;;;;;;;;;;;;;;;;;;;;;;;;;;;;;;;;;;
E06000033;East of England;Southend-on-Sea UA;0,0;0,0;0,0;0,0;0,0;1,6;12,6;14,2;0,0;14,2;14,2;[Note 1] [Note 5];;;;;;;;;;;;;;;;;;;;;;;;;;;;;;;;;;;;;;;;;;;;;;;;;;;;;;;;;;;;;;
E10000029;East of England;Suffolk;0,0;0,0;0,0;119,9;5,9;33,5;9,3;168,6;125,8;42,8;168,6;[Note 1] [Note 5];;;;;;;;;;;;;;;;;;;;;;;;;;;;;;;;;;;;;;;;;;;;;;;;;;;;;;;;;;;;;;
E06000034;East of England;Thurrock UA;4,9;0,0;4,9;18,9;2,6;18,1;4,2;43,8;26,4;22,3;48,7;[Note 1] [Note 5];;;;;;;;;;;;;;;;;;;;;;;;;;;;;;;;;;;;;;;;;;;;;;;;;;;;;;;;;;;;;;
E09000002;London;Barking and Dagenham;0,0;0,0;0,0;0,0;0,0;0,8;13,8;14,6;0,0;14,6;14,6;[Note 1] [Note 5];;;;;;;;;;;;;;;;;;;;;;;;;;;;;;;;;;;;;;;;;;;;;;;;;;;;;;;;;;;;;;
E09000003;London;Barnet;12,0;0,0;12,0;0,0;0,0;4,3;27,8;32,1;12,0;32,1;44,1;[Note 1] [Note 5];;;;;;;;;;;;;;;;;;;;;;;;;;;;;;;;;;;;;;;;;;;;;;;;;;;;;;;;;;;;;;
E09000004;London;Bexley;0,0;0,0;0,0;0,0;0,0;7,2;19,0;26,2;0,0;26,2;26,2;[Note 1] [Note 5];;;;;;;;;;;;;;;;;;;;;;;;;;;;;;;;;;;;;;;;;;;;;;;;;;;;;;;;;;;;;;
E09000005;London;Brent;0,0;0,0;0,0;0,0;0,0;0,0;12,9;12,9;0,0;12,9;12,9;[Note 1] [Note 5];;;;;;;;;;;;;;;;;;;;;;;;;;;;;;;;;;;;;;;;;;;;;;;;;;;;;;;;;;;;;;
E09000006;London;Bromley;0,0;0,0;0,0;0,0;0,0;4,1;5,3;9,4;0,0;9,4;9,4;[Note 1] [Note 5];;;;;;;;;;;;;;;;;;;;;;;;;;;;;;;;;;;;;;;;;;;;;;;;;;;;;;;;;;;;;;
E09000007;London;Camden;0,0;0,0;0,0;0,0;0,0;0,0;3,8;3,8;0,0;3,8;3,8;[Note 1] [Note 5];;;;;;;;;;;;;;;;;;;;;;;;;;;;;;;;;;;;;;;;;;;;;;;;;;;;;;;;;;;;;;
E09000001;London;City of London;0,0;0,0;0,0;0,0;0,0;0,0;6,6;6,6;0,0;6,6;6,6;[Note 1] [Note 5];;;;;;;;;;;;;;;;;;;;;;;;;;;;;;;;;;;;;;;;;;;;;;;;;;;;;;;;;;;;;;
E09000008;London;Croydon;0,0;0,0;0,0;0,0;0,0;1,0;8,9;9,9;0,0;9,9;9,9;[Note 1] [Note 5];;;;;;;;;;;;;;;;;;;;;;;;;;;;;;;;;;;;;;;;;;;;;;;;;;;;;;;;;;;;;;
E09000009;London;Ealing;0,0;0,0;0,0;0,0;0,0;0,0;19,0;19,0;0,0;19,0;19,0;[Note 1] [Note 3] [Note 5];;;;;;;;;;;;;;;;;;;;;;;;;;;;;;;;;;;;;;;;;;;;;;;;;;;;;;;;;;;;;;
E09000010;London;Enfield;11,2;0,0;11,2;0,0;0,0;2,3;19,0;21,3;11,2;21,3;32,5;[Note 1] [Note 5];;;;;;;;;;;;;;;;;;;;;;;;;;;;;;;;;;;;;;;;;;;;;;;;;;;;;;;;;;;;;;
E09000011;London;Greenwich;0,0;0,0;0,0;0,0;0,0;0,0;31,1;31,1;0,0;31,1;31,1;[Note 1] [Note 5];;;;;;;;;;;;;;;;;;;;;;;;;;;;;;;;;;;;;;;;;;;;;;;;;;;;;;;;;;;;;;
E09000012;London;Hackney;0,0;0,0;0,0;0,0;0,0;0,5;3,5;4,0;0,0;4,0;4,0;[Note 1] [Note 5];;;;;;;;;;;;;;;;;;;;;;;;;;;;;;;;;;;;;;;;;;;;;;;;;;;;;;;;;;;;;;
E09000013;London;Hammersmith and Fulham;0,0;0,0;0,0;0,0;0,0;0,0;6,8;6,8;0,0;6,8;6,8;[Note 1] [Note 5];;;;;;;;;;;;;;;;;;;;;;;;;;;;;;;;;;;;;;;;;;;;;;;;;;;;;;;;;;;;;;
E09000014;London;Haringey;0,0;0,0;0,0;0,0;0,0;0,0;3,9;3,9;0,0;3,9;3,9;[Note 1] [Note 5];;;;;;;;;;;;;;;;;;;;;;;;;;;;;;;;;;;;;;;;;;;;;;;;;;;;;;;;;;;;;;
E09000015;London;Harrow;1,0;0,0;1,0;0,0;0,0;0,0;6,9;6,9;1,0;6,9;7,9;[Note 1] [Note 5];;;;;;;;;;;;;;;;;;;;;;;;;;;;;;;;;;;;;;;;;;;;;;;;;;;;;;;;;;;;;;
E09000016;London;Havering;11,8;0,0;11,8;0,0;0,0;13,4;15,7;29,1;11,8;29,1;40,9;[Note 1] [Note 5];;;;;;;;;;;;;;;;;;;;;;;;;;;;;;;;;;;;;;;;;;;;;;;;;;;;;;;;;;;;;;
E09000017;London;Hillingdon;10,5;0,0;10,5;0,9;0,2;3,4;30,4;34,9;11,6;33,8;45,4;[Note 1] [Note 5];;;;;;;;;;;;;;;;;;;;;;;;;;;;;;;;;;;;;;;;;;;;;;;;;;;;;;;;;;;;;;
E09000018;London;Hounslow;9,8;0,0;9,8;0,0;0,0;1,5;27,4;28,9;9,8;28,9;38,7;[Note 1] [Note 5];;;;;;;;;;;;;;;;;;;;;;;;;;;;;;;;;;;;;;;;;;;;;;;;;;;;;;;;;;;;;;
E09000019;London;Islington;0,0;0,0;0,0;0,0;0,0;0,0;2,0;2,0;0,0;2,0;2,0;[Note 1] [Note 5];;;;;;;;;;;;;;;;;;;;;;;;;;;;;;;;;;;;;;;;;;;;;;;;;;;;;;;;;;;;;;
E09000020;London;Kensington and Chelsea;0,0;0,0;0,0;0,0;0,0;0,0;6,0;6,0;0,0;6,0;6,0;[Note 1] [Note 5];;;;;;;;;;;;;;;;;;;;;;;;;;;;;;;;;;;;;;;;;;;;;;;;;;;;;;;;;;;;;;
E09000021;London;Kingston upon Thames;0,0;0,0;0,0;0,0;0,0;0,2;13,5;13,7;0,0;13,7;13,7;[Note 1] [Note 5];;;;;;;;;;;;;;;;;;;;;;;;;;;;;;;;;;;;;;;;;;;;;;;;;;;;;;;;;;;;;;
E09000022;London;Lambeth;0,0;0,0;0,0;0,0;0,0;0,0;4,9;4,9;0,0;4,9;4,9;[Note 1] [Note 5];;;;;;;;;;;;;;;;;;;;;;;;;;;;;;;;;;;;;;;;;;;;;;;;;;;;;;;;;;;;;;
E09000023;London;Lewisham;0,0;0,0;0,0;0,0;0,0;0,0;5,8;5,8;0,0;5,8;5,8;[Note 1] [Note 5];;;;;;;;;;;;;;;;;;;;;;;;;;;;;;;;;;;;;;;;;;;;;;;;;;;;;;;;;;;;;;
E09000024;London;Merton;0,0;0,0;0,0;0,0;0,0;0,0;10,3;10,3;0,0;10,3;10,3;[Note 1] [Note 5];;;;;;;;;;;;;;;;;;;;;;;;;;;;;;;;;;;;;;;;;;;;;;;;;;;;;;;;;;;;;;
E09000025;London;Newham;0,0;0,0;0,0;0,0;0,0;3,2;14,8;18,0;0,0;18,0;18,0;[Note 1] [Note 3] [Note 5];;;;;;;;;;;;;;;;;;;;;;;;;;;;;;;;;;;;;;;;;;;;;;;;;;;;;;;;;;;;;;
E09000026;London;Redbridge;4,0;0,0;4,0;0,0;0,0;7,2;16,6;23,8;4,0;23,8;27,8;[Note 1] [Note 5];;;;;;;;;;;;;;;;;;;;;;;;;;;;;;;;;;;;;;;;;;;;;;;;;;;;;;;;;;;;;;
E09000027;London;Richmond upon Thames;0,0;0,0;0,0;0,0;0,0;0,3;5,5;5,8;0,0;5,8;5,8;[Note 1] [Note 5];;;;;;;;;;;;;;;;;;;;;;;;;;;;;;;;;;;;;;;;;;;;;;;;;;;;;;;;;;;;;;
E09000028;London;Southwark;0,0;0,0;0,0;0,0;0,0;0,0;5,9;5,9;0,0;5,9;5,9;[Note 1] [Note 5];;;;;;;;;;;;;;;;;;;;;;;;;;;;;;;;;;;;;;;;;;;;;;;;;;;;;;;;;;;;;;
E09000029;London;Sutton;0,0;0,0;0,0;0,0;0,0;0,0;1,7;1,7;0,0;1,7;1,7;[Note 1] [Note 5];;;;;;;;;;;;;;;;;;;;;;;;;;;;;;;;;;;;;;;;;;;;;;;;;;;;;;;;;;;;;;
E09000030;London;Tower Hamlets;0,0;0,0;0,0;0,0;0,0;0,0;16,0;16,0;0,0;16,0;16,0;[Note 1] [Note 3] [Note 5];;;;;;;;;;;;;;;;;;;;;;;;;;;;;;;;;;;;;;;;;;;;;;;;;;;;;;;;;;;;;;
E09000031;London;Waltham Forest;0,0;0,0;0,0;0,0;0,0;4,0;9,0;13,0;0,0;13,0;13,0;[Note 1] [Note 5];;;;;;;;;;;;;;;;;;;;;;;;;;;;;;;;;;;;;;;;;;;;;;;;;;;;;;;;;;;;;;
E09000032;London;Wandsworth;0,0;0,0;0,0;0,0;0,0;0,0;9,0;9,0;0,0;9,0;9,0;[Note 1] [Note 5];;;;;;;;;;;;;;;;;;;;;;;;;;;;;;;;;;;;;;;;;;;;;;;;;;;;;;;;;;;;;;
E09000033;London;Westminster;0,0;0,0;0,0;0,0;0,0;0,0;16,7;16,7;0,0;16,7;16,7;[Note 1] [Note 5];;;;;;;;;;;;;;;;;;;;;;;;;;;;;;;;;;;;;;;;;;;;;;;;;;;;;;;;;;;;;;
E06000036;South East;Bracknell Forest UA;0,9;0,0;0,9;0,0;0,0;9,4;9,1;18,5;0,9;18,5;19,4;[Note 1] [Note 5];;;;;;;;;;;;;;;;;;;;;;;;;;;;;;;;;;;;;;;;;;;;;;;;;;;;;;;;;;;;;;
E06000043;South East;Brighton and Hove UA;0,0;0,0;0,0;14,2;0,2;2,3;11,6;28,3;14,4;13,9;28,3;[Note 1] [Note 5];;;;;;;;;;;;;;;;;;;;;;;;;;;;;;;;;;;;;;;;;;;;;;;;;;;;;;;;;;;;;;
E06000060;South East;Buckinghamshire ;60,9;0,0;60,9;6,0;0,6;38,1;10,7;55,4;67,5;48,8;116,3;[Note 1] [Note 5];;;;;;;;;;;;;;;;;;;;;;;;;;;;;;;;;;;;;;;;;;;;;;;;;;;;;;;;;;;;;;
E10000011;South East;East Sussex ;0,0;0,0;0,0;12,4;1,8;12,6;5,4;32,2;14,2;18,0;32,2;[Note 1] [Note 5];;;;;;;;;;;;;;;;;;;;;;;;;;;;;;;;;;;;;;;;;;;;;;;;;;;;;;;;;;;;;;
E10000014;South East;Hampshire ;127,0;0,0;127,0;123,7;7,4;90,5;43,3;264,9;258,1;133,8;391,9;[Note 1] [Note 5];;;;;;;;;;;;;;;;;;;;;;;;;;;;;;;;;;;;;;;;;;;;;;;;;;;;;;;;;;;;;;
E06000046;South East;Isle of Wight UA;0,0;0,0;0,0;0,0;0,0;1,0;2,8;3,8;0,0;3,8;3,8;[Note 1] [Note 5];;;;;;;;;;;;;;;;;;;;;;;;;;;;;;;;;;;;;;;;;;;;;;;;;;;;;;;;;;;;;;
E10000016;South East;Kent ;162,6;0,0;162,6;117,4;11,8;111,8;33,4;274,4;291,8;145,2;437,0;[Note 1] [Note 5];;;;;;;;;;;;;;;;;;;;;;;;;;;;;;;;;;;;;;;;;;;;;;;;;;;;;;;;;;;;;;
E06000035;South East;Medway UA;8,5;0,0;8,5;0,0;0,0;15,8;14,2;30,0;8,5;30,0;38,5;[Note 1] [Note 5];;;;;;;;;;;;;;;;;;;;;;;;;;;;;;;;;;;;;;;;;;;;;;;;;;;;;;;;;;;;;;
E06000042;South East;Milton Keynes UA;16,8;0,0;16,8;16,6;1,3;27,5;10,1;55,5;34,7;37,6;72,3;[Note 1] [Note 5];;;;;;;;;;;;;;;;;;;;;;;;;;;;;;;;;;;;;;;;;;;;;;;;;;;;;;;;;;;;;;
E10000025;South East;Oxfordshire;56,6;0,0;56,6;46,1;1,9;55,4;14,2;117,6;104,6;69,6;174,2;[Note 1] [Note 5];;;;;;;;;;;;;;;;;;;;;;;;;;;;;;;;;;;;;;;;;;;;;;;;;;;;;;;;;;;;;;
E06000044;South East;Portsmouth UA;7,1;2,3;9,4;2,7;1,5;4,0;10,2;18,4;11,3;16,5;27,8;[Note 1] [Note 5];;;;;;;;;;;;;;;;;;;;;;;;;;;;;;;;;;;;;;;;;;;;;;;;;;;;;;;;;;;;;;
E06000038;South East;Reading UA;1,1;0,0;1,1;0,0;0,0;2,4;8,8;11,2;1,1;11,2;12,3;[Note 1] [Note 5];;;;;;;;;;;;;;;;;;;;;;;;;;;;;;;;;;;;;;;;;;;;;;;;;;;;;;;;;;;;;;
E06000039;South East;Slough UA;9,3;0,0;9,3;0,0;0,0;2,2;7,7;9,9;9,3;9,9;19,2;[Note 1] [Note 5];;;;;;;;;;;;;;;;;;;;;;;;;;;;;;;;;;;;;;;;;;;;;;;;;;;;;;;;;;;;;;
E06000045;South East;Southampton UA;2,5;0,0;2,5;0,0;0,0;0,7;16,2;16,9;2,5;16,9;19,4;[Note 1] [Note 5];;;;;;;;;;;;;;;;;;;;;;;;;;;;;;;;;;;;;;;;;;;;;;;;;;;;;;;;;;;;;;
E10000030;South East;Surrey;102,4;0,0;102,4;50,9;8,0;74,0;39,0;171,9;161,3;113,0;274,3;[Note 1] [Note 5];;;;;;;;;;;;;;;;;;;;;;;;;;;;;;;;;;;;;;;;;;;;;;;;;;;;;;;;;;;;;;
E06000037;South East;West Berkshire UA;44,5;0,0;44,5;24,1;0,0;7,6;5,9;37,6;68,6;13,5;82,1;[Note 1] [Note 5];;;;;;;;;;;;;;;;;;;;;;;;;;;;;;;;;;;;;;;;;;;;;;;;;;;;;;;;;;;;;;
E10000032;South East;West Sussex;12,8;0,0;12,8;67,6;8,7;60,6;27,6;164,5;89,1;88,2;177,3;[Note 1] [Note 5];;;;;;;;;;;;;;;;;;;;;;;;;;;;;;;;;;;;;;;;;;;;;;;;;;;;;;;;;;;;;;
E06000040;South East;Windsor and Maidenhead UA;20,5;0,0;20,5;7,0;0,2;4,7;5,4;17,3;27,7;10,1;37,8;[Note 1] [Note 5];;;;;;;;;;;;;;;;;;;;;;;;;;;;;;;;;;;;;;;;;;;;;;;;;;;;;;;;;;;;;;
E06000041;South East;Wokingham UA;12,7;8,2;20,9;0,0;0,0;9,8;7,2;17,0;12,7;25,2;37,9;[Note 1] [Note 5];;;;;;;;;;;;;;;;;;;;;;;;;;;;;;;;;;;;;;;;;;;;;;;;;;;;;;;;;;;;;;
E06000022;South West;Bath and North East Somerset UA;0,0;0,0;0,0;3,7;0,6;5,3;3,5;13,1;4,3;8,8;13,1;[Note 1] [Note 5];;;;;;;;;;;;;;;;;;;;;;;;;;;;;;;;;;;;;;;;;;;;;;;;;;;;;;;;;;;;;;
E06000058;South West;Bournemouth, Christchurch and Poole;0,0;0,0;0,0;0,0;0,0;14,7;22,2;36,9;0,0;36,9;36,9;[Note 1] [Note 5];;;;;;;;;;;;;;;;;;;;;;;;;;;;;;;;;;;;;;;;;;;;;;;;;;;;;;;;;;;;;;
E06000023;South West;Bristol, City of UA;13,9;0,0;13,9;0,0;0,7;4,1;25,1;29,9;14,6;29,2;43,8;[Note 1] [Note 5];;;;;;;;;;;;;;;;;;;;;;;;;;;;;;;;;;;;;;;;;;;;;;;;;;;;;;;;;;;;;;
E06000052;South West;Cornwall UA ;0,0;0,0;0,0;95,0;1,3;13,1;6,3;115,7;96,3;19,4;115,7;[Note 1] [Note 5];;;;;;;;;;;;;;;;;;;;;;;;;;;;;;;;;;;;;;;;;;;;;;;;;;;;;;;;;;;;;;
E10000008;South West;Devon ;37,8;0,0;37,8;143,8;3,4;45,1;10,6;202,9;185,0;55,7;240,7;[Note 1] [Note 5];;;;;;;;;;;;;;;;;;;;;;;;;;;;;;;;;;;;;;;;;;;;;;;;;;;;;;;;;;;;;;
E06000059;South West;Dorset;0,0;0,0;0,0;29,3;0,5;18,4;1,9;50,1;29,8;20,3;50,1;[Note 1] [Note 5];;;;;;;;;;;;;;;;;;;;;;;;;;;;;;;;;;;;;;;;;;;;;;;;;;;;;;;;;;;;;;
E10000013;South West;Gloucestershire ;68,4;0,0;68,4;36,0;1,2;26,8;21,9;85,9;105,6;48,7;154,3;[Note 1] [Note 5];;;;;;;;;;;;;;;;;;;;;;;;;;;;;;;;;;;;;;;;;;;;;;;;;;;;;;;;;;;;;;
E06000053;South West;Isles of Scilly UA;0,0;0,0;0,0;0,0;0,0;0,0;0,0;0,0;0,0;0,0;0,0;[Note 1] [Note 5];;;;;;;;;;;;;;;;;;;;;;;;;;;;;;;;;;;;;;;;;;;;;;;;;;;;;;;;;;;;;;
E06000024;South West;North Somerset UA;29,2;0,0;29,2;0,0;0,0;7,2;5,0;12,2;29,2;12,2;41,4;[Note 1] [Note 5];;;;;;;;;;;;;;;;;;;;;;;;;;;;;;;;;;;;;;;;;;;;;;;;;;;;;;;;;;;;;;
E06000026;South West;Plymouth UA;0,0;0,0;0,0;7,9;4,8;3,7;17,9;34,3;12,7;21,6;34,3;[Note 1] [Note 5];;;;;;;;;;;;;;;;;;;;;;;;;;;;;;;;;;;;;;;;;;;;;;;;;;;;;;;;;;;;;;
E06000066;South West;Somerset;52,5;0,0;52,5;36,5;0,0;15,0;10,6;62,1;89,0;25,6;114,6;[Note 1] [Note 5];;;;;;;;;;;;;;;;;;;;;;;;;;;;;;;;;;;;;;;;;;;;;;;;;;;;;;;;;;;;;;
E06000025;South West;South Gloucestershire UA;74,4;0,0;74,4;0,4;0,0;16,2;14,6;31,2;74,8;30,8;105,6;[Note 1] [Note 5];;;;;;;;;;;;;;;;;;;;;;;;;;;;;;;;;;;;;;;;;;;;;;;;;;;;;;;;;;;;;;
E06000030;South West;Swindon UA;15,3;0,0;15,3;13,1;2,0;7,4;11,5;34,0;30,4;18,9;49,3;[Note 1] [Note 5];;;;;;;;;;;;;;;;;;;;;;;;;;;;;;;;;;;;;;;;;;;;;;;;;;;;;;;;;;;;;;
E06000027;South West;Torbay UA;0,0;0,0;0,0;0,0;0,0;5,4;3,0;8,4;0,0;8,4;8,4;[Note 1] [Note 5];;;;;;;;;;;;;;;;;;;;;;;;;;;;;;;;;;;;;;;;;;;;;;;;;;;;;;;;;;;;;;
E06000054;South West;Wiltshire UA ;35,0;0,0;35,0;41,4;3,2;13,6;3,6;61,8;79,6;17,2;96,8;[Note 1] [Note 5];;;;;;;;;;;;;;;;;;;;;;;;;;;;;;;;;;;;;;;;;;;;;;;;;;;;;;;;;;;;;;
W06000019;Wales;Blaenau Gwent;0,0;0,0;0,0;9,2;1,6;0,3;0,3;11,4;10,8;0,6;11,4;[Note 1] [Note 5];;;;;;;;;;;;;;;;;;;;;;;;;;;;;;;;;;;;;;;;;;;;;;;;;;;;;;;;;;;;;;
W06000013;Wales;Bridgend;17,7;0,0;17,7;0,0;0,0;15,1;8,3;23,4;17,7;23,4;41,1;[Note 1] [Note 5];;;;;;;;;;;;;;;;;;;;;;;;;;;;;;;;;;;;;;;;;;;;;;;;;;;;;;;;;;;;;;
W06000018;Wales;Caerphilly;0,0;0,0;0,0;3,8;0,0;15,3;2,8;21,9;3,8;18,1;21,9;[Note 1] [Note 5];;;;;;;;;;;;;;;;;;;;;;;;;;;;;;;;;;;;;;;;;;;;;;;;;;;;;;;;;;;;;;
W06000015;Wales;Cardiff;17,0;0,0;17,0;6,1;2,5;16,2;25,2;50,0;25,6;41,4;67,0;[Note 1] [Note 5];;;;;;;;;;;;;;;;;;;;;;;;;;;;;;;;;;;;;;;;;;;;;;;;;;;;;;;;;;;;;;
W06000010;Wales;Carmarthenshire;5,1;0,0;5,1;42,0;1,9;1,9;1,2;47,0;49,0;3,1;52,1;[Note 1] [Note 5];;;;;;;;;;;;;;;;;;;;;;;;;;;;;;;;;;;;;;;;;;;;;;;;;;;;;;;;;;;;;;
W06000008;Wales;Ceredigion;0,0;0,0;0,0;0,4;0,2;0,1;0,0;0,7;0,6;0,1;0,7;[Note 1] [Note 5];;;;;;;;;;;;;;;;;;;;;;;;;;;;;;;;;;;;;;;;;;;;;;;;;;;;;;;;;;;;;;
W06000003;Wales;Conwy;0,0;0,0;0,0;30,5;5,6;1,6;3,0;40,7;36,1;4,6;40,7;[Note 1] [Note 5];;;;;;;;;;;;;;;;;;;;;;;;;;;;;;;;;;;;;;;;;;;;;;;;;;;;;;;;;;;;;;
W06000004;Wales;Denbighshire;0,0;0,0;0,0;14,1;0,0;5,6;0,5;20,2;14,1;6,1;20,2;[Note 1] [Note 5];;;;;;;;;;;;;;;;;;;;;;;;;;;;;;;;;;;;;;;;;;;;;;;;;;;;;;;;;;;;;;
W06000005;Wales;Flintshire;0,0;0,0;0,0;34,8;4,2;19,5;5,4;63,9;39,0;24,9;63,9;[Note 1] [Note 5];;;;;;;;;;;;;;;;;;;;;;;;;;;;;;;;;;;;;;;;;;;;;;;;;;;;;;;;;;;;;;
W06000002;Wales;Gwynedd;0,0;0,0;0,0;16,6;0,4;1,4;0,2;18,6;17,0;1,6;18,6;[Note 1] [Note 5];;;;;;;;;;;;;;;;;;;;;;;;;;;;;;;;;;;;;;;;;;;;;;;;;;;;;;;;;;;;;;
W06000001;Wales;Isle of Anglesey;0,0;0,0;0,0;32,4;0,6;0,1;0,1;33,2;33,0;0,2;33,2;[Note 1] [Note 5];;;;;;;;;;;;;;;;;;;;;;;;;;;;;;;;;;;;;;;;;;;;;;;;;;;;;;;;;;;;;;
W06000024;Wales;Merthyr Tydfil;0,0;0,0;0,0;17,6;1,5;0,9;1,0;21,0;19,1;1,9;21,0;[Note 1] [Note 5];;;;;;;;;;;;;;;;;;;;;;;;;;;;;;;;;;;;;;;;;;;;;;;;;;;;;;;;;;;;;;
W06000021;Wales;Monmouthshire;22,7;0,0;22,7;49,8;0,3;1,9;0,4;52,4;72,8;2,3;75,1;[Note 1] [Note 5];;;;;;;;;;;;;;;;;;;;;;;;;;;;;;;;;;;;;;;;;;;;;;;;;;;;;;;;;;;;;;
W06000012;Wales;Neath Port Talbot;23,2;0,0;23,2;22,9;3,2;14,0;6,0;46,1;49,3;20,0;69,3;[Note 1] [Note 5];;;;;;;;;;;;;;;;;;;;;;;;;;;;;;;;;;;;;;;;;;;;;;;;;;;;;;;;;;;;;;
W06000022;Wales;Newport;26,7;0,0;26,7;7,9;0,2;16,8;12,1;37,0;34,8;28,9;63,7;[Note 1] [Note 5];;;;;;;;;;;;;;;;;;;;;;;;;;;;;;;;;;;;;;;;;;;;;;;;;;;;;;;;;;;;;;
W06000009;Wales;Pembrokeshire;0,0;0,0;0,0;1,1;0,4;0,2;0,4;2,1;1,5;0,6;2,1;[Note 1] [Note 5];;;;;;;;;;;;;;;;;;;;;;;;;;;;;;;;;;;;;;;;;;;;;;;;;;;;;;;;;;;;;;
W06000023;Wales;Powys;0,0;0,0;0,0;8,7;0,0;0,4;0,2;9,3;8,7;0,6;9,3;[Note 1] [Note 5];;;;;;;;;;;;;;;;;;;;;;;;;;;;;;;;;;;;;;;;;;;;;;;;;;;;;;;;;;;;;;
W06000016;Wales;Rhondda Cynon Taf;9,8;0,0;9,8;12,0;10,0;6,9;5,2;34,1;31,8;12,1;43,9;[Note 1] [Note 5];;;;;;;;;;;;;;;;;;;;;;;;;;;;;;;;;;;;;;;;;;;;;;;;;;;;;;;;;;;;;;
W06000011;Wales;Swansea;15,4;0,0;15,4;0,0;0,0;6,9;15,8;22,7;15,4;22,7;38,1;[Note 1] [Note 5];;;;;;;;;;;;;;;;;;;;;;;;;;;;;;;;;;;;;;;;;;;;;;;;;;;;;;;;;;;;;;
W06000014;Wales;The Vale of Glamorgan;3,7;0,0;3,7;0,0;0,0;5,9;1,8;7,7;3,7;7,7;11,4;[Note 1] [Note 5];;;;;;;;;;;;;;;;;;;;;;;;;;;;;;;;;;;;;;;;;;;;;;;;;;;;;;;;;;;;;;
W06000020;Wales;Torfaen;0,0;0,0;0,0;9,8;4,1;0,9;2,1;16,9;13,9;3,0;16,9;[Note 1] [Note 5];;;;;;;;;;;;;;;;;;;;;;;;;;;;;;;;;;;;;;;;;;;;;;;;;;;;;;;;;;;;;;
W06000006;Wales;Wrexham;0,0;0,0;0,0;16,9;2,0;5,2;2,4;26,5;18,9;7,6;26,5;[Note 1] [Note 5];;;;;;;;;;;;;;;;;;;;;;;;;;;;;;;;;;;;;;;;;;;;;;;;;;;;;;;;;;;;;;
S12000033;Scotland;Aberdeen City;0,0;0,0;0,0;24,1;1,7;11,3;25,4;62,5;25,8;36,7;62,5;[Note 2] [Note 5];;;;;;;;;;;;;;;;;;;;;;;;;;;;;;;;;;;;;;;;;;;;;;;;;;;;;;;;;;;;;;
S12000034;Scotland;Aberdeenshire;0,0;0,0;0,0;72,3;7,6;12,1;5,2;97,2;79,9;17,3;97,2;[Note 2] [Note 5];;;;;;;;;;;;;;;;;;;;;;;;;;;;;;;;;;;;;;;;;;;;;;;;;;;;;;;;;;;;;;
S12000041;Scotland;Angus;0,0;0,0;0,0;46,7;0,0;8,4;2,0;57,1;46,7;10,4;57,1;[Note 2] [Note 5];;;;;;;;;;;;;;;;;;;;;;;;;;;;;;;;;;;;;;;;;;;;;;;;;;;;;;;;;;;;;;
S12000035;Scotland;Argyll & Bute;0,0;0,0;0,0;0,0;0,2;0,0;0,8;1,0;0,2;0,8;1,0;[Note 2] [Note 5];;;;;;;;;;;;;;;;;;;;;;;;;;;;;;;;;;;;;;;;;;;;;;;;;;;;;;;;;;;;;;
S12000005;Scotland;Clackmannanshire;0,0;0,0;0,0;0,0;0,0;0,6;0,5;1,1;0,0;1,1;1,1;[Note 2] [Note 5];;;;;;;;;;;;;;;;;;;;;;;;;;;;;;;;;;;;;;;;;;;;;;;;;;;;;;;;;;;;;;
S12000006;Scotland;Dumfries and Galloway;60,3;0,0;60,3;6,1;0,2;0,3;1,2;7,8;66,6;1,5;68,1;[Note 2] [Note 5];;;;;;;;;;;;;;;;;;;;;;;;;;;;;;;;;;;;;;;;;;;;;;;;;;;;;;;;;;;;;;
S12000042;Scotland;Dundee City;0,0;0,0;0,0;0,8;12,9;0,0;5,4;19,1;13,7;5,4;19,1;[Note 2] [Note 5];;;;;;;;;;;;;;;;;;;;;;;;;;;;;;;;;;;;;;;;;;;;;;;;;;;;;;;;;;;;;;
S12000008;Scotland;East Ayrshire;1,1;0,0;1,1;8,3;1,6;7,6;3,6;21,1;11,0;11,2;22,2;[Note 2] [Note 5];;;;;;;;;;;;;;;;;;;;;;;;;;;;;;;;;;;;;;;;;;;;;;;;;;;;;;;;;;;;;;
S12000045;Scotland;East Dunbartonshire;0,0;0,0;0,0;0,0;0,0;0,1;2,6;2,7;0,0;2,7;2,7;[Note 2] [Note 5];;;;;;;;;;;;;;;;;;;;;;;;;;;;;;;;;;;;;;;;;;;;;;;;;;;;;;;;;;;;;;
S12000010;Scotland;East Lothian;0,0;0,0;0,0;42,8;0,2;2,5;0,9;46,4;43,0;3,4;46,4;[Note 2] [Note 5];;;;;;;;;;;;;;;;;;;;;;;;;;;;;;;;;;;;;;;;;;;;;;;;;;;;;;;;;;;;;;
S12000011;Scotland;East Renfrewshire;11,9;0,0;11,9;0,0;0,0;0,6;7,6;8,2;11,9;8,2;20,1;[Note 2] [Note 5];;;;;;;;;;;;;;;;;;;;;;;;;;;;;;;;;;;;;;;;;;;;;;;;;;;;;;;;;;;;;;
S12000036;Scotland;Edinburgh, City of;21,0;0,0;21,0;13,8;6,7;9,4;16,5;46,4;41,5;25,9;67,4;[Note 2] [Note 5];;;;;;;;;;;;;;;;;;;;;;;;;;;;;;;;;;;;;;;;;;;;;;;;;;;;;;;;;;;;;;
S12000013;Scotland;Eilean Siar;0,0;0,0;0,0;0,0;0,0;0,0;0,2;0,2;0,0;0,2;0,2;[Note 2] [Note 5];;;;;;;;;;;;;;;;;;;;;;;;;;;;;;;;;;;;;;;;;;;;;;;;;;;;;;;;;;;;;;
S12000014;Scotland;Falkirk;37,1;0,0;37,1;0,0;0,0;2,5;2,7;5,2;37,1;5,2;42,3;[Note 2] [Note 5];;;;;;;;;;;;;;;;;;;;;;;;;;;;;;;;;;;;;;;;;;;;;;;;;;;;;;;;;;;;;;
S12000047;Scotland;Fife;21,0;0,0;21,0;26,9;5,4;2,8;10,2;45,3;53,3;13,0;66,3;[Note 2] [Note 5];;;;;;;;;;;;;;;;;;;;;;;;;;;;;;;;;;;;;;;;;;;;;;;;;;;;;;;;;;;;;;
S12000049;Scotland;Glasgow City;47,4;0,0;47,4;1,3;0,1;1,7;54,9;58,0;48,8;56,6;105,4;[Note 2] [Note 5];;;;;;;;;;;;;;;;;;;;;;;;;;;;;;;;;;;;;;;;;;;;;;;;;;;;;;;;;;;;;;
S12000017;Scotland;Highland;0,0;0,0;0,0;34,8;8,8;0,1;0,7;44,4;43,6;0,8;44,4;[Note 2] [Note 5];;;;;;;;;;;;;;;;;;;;;;;;;;;;;;;;;;;;;;;;;;;;;;;;;;;;;;;;;;;;;;
S12000018;Scotland;Inverclyde;0,0;0,0;0,0;5,7;7,7;0,1;0,2;13,7;13,4;0,3;13,7;[Note 2] [Note 5];;;;;;;;;;;;;;;;;;;;;;;;;;;;;;;;;;;;;;;;;;;;;;;;;;;;;;;;;;;;;;
S12000019;Scotland;Midlothian;0,0;0,0;0,0;3,3;0,0;1,1;1,0;5,4;3,3;2,1;5,4;[Note 2] [Note 5];;;;;;;;;;;;;;;;;;;;;;;;;;;;;;;;;;;;;;;;;;;;;;;;;;;;;;;;;;;;;;
S12000020;Scotland;Moray;0,0;0,0;0,0;0,0;1,6;0,0;0,0;1,6;1,6;0,0;1,6;[Note 2] [Note 5];;;;;;;;;;;;;;;;;;;;;;;;;;;;;;;;;;;;;;;;;;;;;;;;;;;;;;;;;;;;;;
S12000021;Scotland;North Ayrshire;0,0;0,0;0,0;7,6;6,6;2,6;3,6;20,4;14,2;6,2;20,4;[Note 2] [Note 5];;;;;;;;;;;;;;;;;;;;;;;;;;;;;;;;;;;;;;;;;;;;;;;;;;;;;;;;;;;;;;
S12000050;Scotland;North Lanarkshire;49,4;0,0;49,4;13,3;4,3;12,0;16,6;46,2;67,0;28,6;95,6;[Note 2] [Note 5];;;;;;;;;;;;;;;;;;;;;;;;;;;;;;;;;;;;;;;;;;;;;;;;;;;;;;;;;;;;;;
S12000023;Scotland;Orkney Islands;0,0;0,0;0,0;0,0;0,0;0,0;0,0;0,0;0,0;0,0;0,0;[Note 2] [Note 5];;;;;;;;;;;;;;;;;;;;;;;;;;;;;;;;;;;;;;;;;;;;;;;;;;;;;;;;;;;;;;
S12000048;Scotland;Perth and Kinross;39,7;0,0;39,7;90,6;5,3;1,4;2,0;99,3;135,6;3,4;139,0;[Note 2] [Note 5];;;;;;;;;;;;;;;;;;;;;;;;;;;;;;;;;;;;;;;;;;;;;;;;;;;;;;;;;;;;;;
S12000038;Scotland;Renfrewshire;23,2;0,0;23,2;5,8;6,0;1,9;19,2;32,9;35,0;21,1;56,1;[Note 2] [Note 5];;;;;;;;;;;;;;;;;;;;;;;;;;;;;;;;;;;;;;;;;;;;;;;;;;;;;;;;;;;;;;
S12000026;Scotland;Scottish Borders;0,0;0,0;0,0;8,7;0,5;0,1;0,1;9,4;9,2;0,2;9,4;[Note 2] [Note 5];;;;;;;;;;;;;;;;;;;;;;;;;;;;;;;;;;;;;;;;;;;;;;;;;;;;;;;;;;;;;;
S12000027;Scotland;Shetland Islands;0,0;0,0;0,0;0,0;0,0;0,1;0,2;0,3;0,0;0,3;0,3;[Note 2] [Note 5];;;;;;;;;;;;;;;;;;;;;;;;;;;;;;;;;;;;;;;;;;;;;;;;;;;;;;;;;;;;;;
S12000028;Scotland;South Ayrshire;0,0;0,0;0,0;19,1;1,8;1,6;6,3;28,8;20,9;7,9;28,8;[Note 2] [Note 5];;;;;;;;;;;;;;;;;;;;;;;;;;;;;;;;;;;;;;;;;;;;;;;;;;;;;;;;;;;;;;
S12000029;Scotland;South Lanarkshire;69,7;0,0;69,7;3,3;12,8;6,8;12,2;35,1;85,8;19,0;104,8;[Note 2] [Note 5];;;;;;;;;;;;;;;;;;;;;;;;;;;;;;;;;;;;;;;;;;;;;;;;;;;;;;;;;;;;;;
S12000030;Scotland;Stirling;22,8;0,0;22,8;8,6;0,1;1,3;5,2;15,2;31,5;6,5;38,0;[Note 2] [Note 5];;;;;;;;;;;;;;;;;;;;;;;;;;;;;;;;;;;;;;;;;;;;;;;;;;;;;;;;;;;;;;
S12000039;Scotland;West Dunbartonshire;0,0;0,0;0,0;8,2;8,1;0,7;8,5;25,5;16,3;9,2;25,5;[Note 2] [Note 5];;;;;;;;;;;;;;;;;;;;;;;;;;;;;;;;;;;;;;;;;;;;;;;;;;;;;;;;;;;;;;
S12000040;Scotland;West Lothian;37,5;0,0;37,5;0,0;0,0;4,1;7,1;11,2;37,5;11,2;48,7;[Note 2] [Note 5];;;;;;;;;;;;;;;;;;;;;;;;;;;;;;;;;;;;;;;;;;;;;;;;;;;;;;;;;;;;;;
